Date;Value
01/07/2020 00:00;0,0394
01/07/2020 00:15;0,0394
01/07/2020 00:30;0,0394
01/07/2020 00:45;0,0394
01/07/2020 01:00;0,039
01/07/2020 01:15;0,039
01/07/2020 01:30;0,039
01/07/2020 01:45;0,039
01/07/2020 02:00;0,038
01/07/2020 02:15;0,038
01/07/2020 02:30;0,038
01/07/2020 02:45;0,038
01/07/2020 03:00;0,0379
01/07/2020 03:15;0,0379
01/07/2020 03:30;0,0379
01/07/2020 03:45;0,0379
01/07/2020 04:00;0,038
01/07/2020 04:15;0,038
01/07/2020 04:30;0,038
01/07/2020 04:45;0,038
01/07/2020 05:00;0,0388
01/07/2020 05:15;0,0388
01/07/2020 05:30;0,0388
01/07/2020 05:45;0,0388
01/07/2020 06:00;0,038
01/07/2020 06:15;0,038
01/07/2020 06:30;0,038
01/07/2020 06:45;0,038
01/07/2020 07:00;0,04
01/07/2020 07:15;0,04
01/07/2020 07:30;0,04
01/07/2020 07:45;0,04
01/07/2020 08:00;0,0398
01/07/2020 08:15;0,0398
01/07/2020 08:30;0,0398
01/07/2020 08:45;0,0398
01/07/2020 09:00;0,0393
01/07/2020 09:15;0,0393
01/07/2020 09:30;0,0393
01/07/2020 09:45;0,0393
01/07/2020 10:00;0,0389
01/07/2020 10:15;0,0389
01/07/2020 10:30;0,0389
01/07/2020 10:45;0,0389
01/07/2020 11:00;0,0402
01/07/2020 11:15;0,0402
01/07/2020 11:30;0,0402
01/07/2020 11:45;0,0402
01/07/2020 12:00;0,0394
01/07/2020 12:15;0,0394
01/07/2020 12:30;0,0394
01/07/2020 12:45;0,0394
01/07/2020 13:00;0,0356
01/07/2020 13:15;0,0356
01/07/2020 13:30;0,0356
01/07/2020 13:45;0,0356
01/07/2020 14:00;0,0285
01/07/2020 14:15;0,0285
01/07/2020 14:30;0,0285
01/07/2020 14:45;0,0285
01/07/2020 15:00;0,0275
01/07/2020 15:15;0,0275
01/07/2020 15:30;0,0275
01/07/2020 15:45;0,0275
01/07/2020 16:00;0,032
01/07/2020 16:15;0,032
01/07/2020 16:30;0,032
01/07/2020 16:45;0,032
01/07/2020 17:00;0,0333
01/07/2020 17:15;0,0333
01/07/2020 17:30;0,0333
01/07/2020 17:45;0,0333
01/07/2020 18:00;0,0375
01/07/2020 18:15;0,0375
01/07/2020 18:30;0,0375
01/07/2020 18:45;0,0375
01/07/2020 19:00;0,0393
01/07/2020 19:15;0,0393
01/07/2020 19:30;0,0393
01/07/2020 19:45;0,0393
01/07/2020 20:00;0,0401
01/07/2020 20:15;0,0401
01/07/2020 20:30;0,0401
01/07/2020 20:45;0,0401
01/07/2020 21:00;0,0403
01/07/2020 21:15;0,0403
01/07/2020 21:30;0,0403
01/07/2020 21:45;0,0403
01/07/2020 22:00;0,0379
01/07/2020 22:15;0,0379
01/07/2020 22:30;0,0379
01/07/2020 22:45;0,0379
01/07/2020 23:00;0,0345
01/07/2020 23:15;0,0345
01/07/2020 23:30;0,0345
01/07/2020 23:45;0,0345
02/07/2020 00:00;0,0309
02/07/2020 00:15;0,0309
02/07/2020 00:30;0,0309
02/07/2020 00:45;0,0309
02/07/2020 01:00;0,0284
02/07/2020 01:15;0,0284
02/07/2020 01:30;0,0284
02/07/2020 01:45;0,0284
02/07/2020 02:00;0,0275
02/07/2020 02:15;0,0275
02/07/2020 02:30;0,0275
02/07/2020 02:45;0,0275
02/07/2020 03:00;0,0279
02/07/2020 03:15;0,0279
02/07/2020 03:30;0,0279
02/07/2020 03:45;0,0279
02/07/2020 04:00;0,0302
02/07/2020 04:15;0,0302
02/07/2020 04:30;0,0302
02/07/2020 04:45;0,0302
02/07/2020 05:00;0,0385
02/07/2020 05:15;0,0385
02/07/2020 05:30;0,0385
02/07/2020 05:45;0,0385
02/07/2020 06:00;0,0397
02/07/2020 06:15;0,0397
02/07/2020 06:30;0,0397
02/07/2020 06:45;0,0397
02/07/2020 07:00;0,0404
02/07/2020 07:15;0,0404
02/07/2020 07:30;0,0404
02/07/2020 07:45;0,0404
02/07/2020 08:00;0,0414
02/07/2020 08:15;0,0414
02/07/2020 08:30;0,0414
02/07/2020 08:45;0,0414
02/07/2020 09:00;0,0411
02/07/2020 09:15;0,0411
02/07/2020 09:30;0,0411
02/07/2020 09:45;0,0411
02/07/2020 10:00;0,0408
02/07/2020 10:15;0,0408
02/07/2020 10:30;0,0408
02/07/2020 10:45;0,0408
02/07/2020 11:00;0,0409
02/07/2020 11:15;0,0409
02/07/2020 11:30;0,0409
02/07/2020 11:45;0,0409
02/07/2020 12:00;0,04
02/07/2020 12:15;0,04
02/07/2020 12:30;0,04
02/07/2020 12:45;0,04
02/07/2020 13:00;0,0379
02/07/2020 13:15;0,0379
02/07/2020 13:30;0,0379
02/07/2020 13:45;0,0379
02/07/2020 14:00;0,0344
02/07/2020 14:15;0,0344
02/07/2020 14:30;0,0344
02/07/2020 14:45;0,0344
02/07/2020 15:00;0,0291
02/07/2020 15:15;0,0291
02/07/2020 15:30;0,0291
02/07/2020 15:45;0,0291
02/07/2020 16:00;0,0281
02/07/2020 16:15;0,0281
02/07/2020 16:30;0,0281
02/07/2020 16:45;0,0281
02/07/2020 17:00;0,029
02/07/2020 17:15;0,029
02/07/2020 17:30;0,029
02/07/2020 17:45;0,029
02/07/2020 18:00;0,029
02/07/2020 18:15;0,029
02/07/2020 18:30;0,029
02/07/2020 18:45;0,029
02/07/2020 19:00;0,0291
02/07/2020 19:15;0,0291
02/07/2020 19:30;0,0291
02/07/2020 19:45;0,0291
02/07/2020 20:00;0,0371
02/07/2020 20:15;0,0371
02/07/2020 20:30;0,0371
02/07/2020 20:45;0,0371
02/07/2020 21:00;0,0384
02/07/2020 21:15;0,0384
02/07/2020 21:30;0,0384
02/07/2020 21:45;0,0384
02/07/2020 22:00;0,0322
02/07/2020 22:15;0,0322
02/07/2020 22:30;0,0322
02/07/2020 22:45;0,0322
02/07/2020 23:00;0,0379
02/07/2020 23:15;0,0379
02/07/2020 23:30;0,0379
02/07/2020 23:45;0,0379
03/07/2020 00:00;0,034
03/07/2020 00:15;0,034
03/07/2020 00:30;0,034
03/07/2020 00:45;0,034
03/07/2020 01:00;0,029
03/07/2020 01:15;0,029
03/07/2020 01:30;0,029
03/07/2020 01:45;0,029
03/07/2020 02:00;0,0276
03/07/2020 02:15;0,0276
03/07/2020 02:30;0,0276
03/07/2020 02:45;0,0276
03/07/2020 03:00;0,029
03/07/2020 03:15;0,029
03/07/2020 03:30;0,029
03/07/2020 03:45;0,029
03/07/2020 04:00;0,0299
03/07/2020 04:15;0,0299
03/07/2020 04:30;0,0299
03/07/2020 04:45;0,0299
03/07/2020 05:00;0,0359
03/07/2020 05:15;0,0359
03/07/2020 05:30;0,0359
03/07/2020 05:45;0,0359
03/07/2020 06:00;0,0389
03/07/2020 06:15;0,0389
03/07/2020 06:30;0,0389
03/07/2020 06:45;0,0389
03/07/2020 07:00;0,0387
03/07/2020 07:15;0,0387
03/07/2020 07:30;0,0387
03/07/2020 07:45;0,0387
03/07/2020 08:00;0,039
03/07/2020 08:15;0,039
03/07/2020 08:30;0,039
03/07/2020 08:45;0,039
03/07/2020 09:00;0,039
03/07/2020 09:15;0,039
03/07/2020 09:30;0,039
03/07/2020 09:45;0,039
03/07/2020 10:00;0,0382
03/07/2020 10:15;0,0382
03/07/2020 10:30;0,0382
03/07/2020 10:45;0,0382
03/07/2020 11:00;0,0375
03/07/2020 11:15;0,0375
03/07/2020 11:30;0,0375
03/07/2020 11:45;0,0375
03/07/2020 12:00;0,0379
03/07/2020 12:15;0,0379
03/07/2020 12:30;0,0379
03/07/2020 12:45;0,0379
03/07/2020 13:00;0,0351
03/07/2020 13:15;0,0351
03/07/2020 13:30;0,0351
03/07/2020 13:45;0,0351
03/07/2020 14:00;0,0317
03/07/2020 14:15;0,0317
03/07/2020 14:30;0,0317
03/07/2020 14:45;0,0317
03/07/2020 15:00;0,0305
03/07/2020 15:15;0,0305
03/07/2020 15:30;0,0305
03/07/2020 15:45;0,0305
03/07/2020 16:00;0,0323
03/07/2020 16:15;0,0323
03/07/2020 16:30;0,0323
03/07/2020 16:45;0,0323
03/07/2020 17:00;0,0373
03/07/2020 17:15;0,0373
03/07/2020 17:30;0,0373
03/07/2020 17:45;0,0373
03/07/2020 18:00;0,0389
03/07/2020 18:15;0,0389
03/07/2020 18:30;0,0389
03/07/2020 18:45;0,0389
03/07/2020 19:00;0,037
03/07/2020 19:15;0,037
03/07/2020 19:30;0,037
03/07/2020 19:45;0,037
03/07/2020 20:00;0,0353
03/07/2020 20:15;0,0353
03/07/2020 20:30;0,0353
03/07/2020 20:45;0,0353
03/07/2020 21:00;0,0362
03/07/2020 21:15;0,0362
03/07/2020 21:30;0,0362
03/07/2020 21:45;0,0362
03/07/2020 22:00;0,0315
03/07/2020 22:15;0,0315
03/07/2020 22:30;0,0315
03/07/2020 22:45;0,0315
03/07/2020 23:00;0,0345
03/07/2020 23:15;0,0345
03/07/2020 23:30;0,0345
03/07/2020 23:45;0,0345
04/07/2020 00:00;0,0281
04/07/2020 00:15;0,0281
04/07/2020 00:30;0,0281
04/07/2020 00:45;0,0281
04/07/2020 01:00;0,0271
04/07/2020 01:15;0,0271
04/07/2020 01:30;0,0271
04/07/2020 01:45;0,0271
04/07/2020 02:00;0,027
04/07/2020 02:15;0,027
04/07/2020 02:30;0,027
04/07/2020 02:45;0,027
04/07/2020 03:00;0,026
04/07/2020 03:15;0,026
04/07/2020 03:30;0,026
04/07/2020 03:45;0,026
04/07/2020 04:00;0,026
04/07/2020 04:15;0,026
04/07/2020 04:30;0,026
04/07/2020 04:45;0,026
04/07/2020 05:00;0,0261
04/07/2020 05:15;0,0261
04/07/2020 05:30;0,0261
04/07/2020 05:45;0,0261
04/07/2020 06:00;0,0271
04/07/2020 06:15;0,0271
04/07/2020 06:30;0,0271
04/07/2020 06:45;0,0271
04/07/2020 07:00;0,0271
04/07/2020 07:15;0,0271
04/07/2020 07:30;0,0271
04/07/2020 07:45;0,0271
04/07/2020 08:00;0,0271
04/07/2020 08:15;0,0271
04/07/2020 08:30;0,0271
04/07/2020 08:45;0,0271
04/07/2020 09:00;0,0272
04/07/2020 09:15;0,0272
04/07/2020 09:30;0,0272
04/07/2020 09:45;0,0272
04/07/2020 10:00;0,0281
04/07/2020 10:15;0,0281
04/07/2020 10:30;0,0281
04/07/2020 10:45;0,0281
04/07/2020 11:00;0,0284
04/07/2020 11:15;0,0284
04/07/2020 11:30;0,0284
04/07/2020 11:45;0,0284
04/07/2020 12:00;0,0305
04/07/2020 12:15;0,0305
04/07/2020 12:30;0,0305
04/07/2020 12:45;0,0305
04/07/2020 13:00;0,0302
04/07/2020 13:15;0,0302
04/07/2020 13:30;0,0302
04/07/2020 13:45;0,0302
04/07/2020 14:00;0,0261
04/07/2020 14:15;0,0261
04/07/2020 14:30;0,0261
04/07/2020 14:45;0,0261
04/07/2020 15:00;0,0257
04/07/2020 15:15;0,0257
04/07/2020 15:30;0,0257
04/07/2020 15:45;0,0257
04/07/2020 16:00;0,0257
04/07/2020 16:15;0,0257
04/07/2020 16:30;0,0257
04/07/2020 16:45;0,0257
04/07/2020 17:00;0,0268
04/07/2020 17:15;0,0268
04/07/2020 17:30;0,0268
04/07/2020 17:45;0,0268
04/07/2020 18:00;0,028
04/07/2020 18:15;0,028
04/07/2020 18:30;0,028
04/07/2020 18:45;0,028
04/07/2020 19:00;0,029
04/07/2020 19:15;0,029
04/07/2020 19:30;0,029
04/07/2020 19:45;0,029
04/07/2020 20:00;0,0369
04/07/2020 20:15;0,0369
04/07/2020 20:30;0,0369
04/07/2020 20:45;0,0369
04/07/2020 21:00;0,0384
04/07/2020 21:15;0,0384
04/07/2020 21:30;0,0384
04/07/2020 21:45;0,0384
04/07/2020 22:00;0,031
04/07/2020 22:15;0,031
04/07/2020 22:30;0,031
04/07/2020 22:45;0,031
04/07/2020 23:00;0,0288
04/07/2020 23:15;0,0288
04/07/2020 23:30;0,0288
04/07/2020 23:45;0,0288
05/07/2020 00:00;0,027
05/07/2020 00:15;0,027
05/07/2020 00:30;0,027
05/07/2020 00:45;0,027
05/07/2020 01:00;0,0253
05/07/2020 01:15;0,0253
05/07/2020 01:30;0,0253
05/07/2020 01:45;0,0253
05/07/2020 02:00;0,0245
05/07/2020 02:15;0,0245
05/07/2020 02:30;0,0245
05/07/2020 02:45;0,0245
05/07/2020 03:00;0,0242
05/07/2020 03:15;0,0242
05/07/2020 03:30;0,0242
05/07/2020 03:45;0,0242
05/07/2020 04:00;0,0242
05/07/2020 04:15;0,0242
05/07/2020 04:30;0,0242
05/07/2020 04:45;0,0242
05/07/2020 05:00;0,0242
05/07/2020 05:15;0,0242
05/07/2020 05:30;0,0242
05/07/2020 05:45;0,0242
05/07/2020 06:00;0,0241
05/07/2020 06:15;0,0241
05/07/2020 06:30;0,0241
05/07/2020 06:45;0,0241
05/07/2020 07:00;0,024
05/07/2020 07:15;0,024
05/07/2020 07:30;0,024
05/07/2020 07:45;0,024
05/07/2020 08:00;0,0231
05/07/2020 08:15;0,0231
05/07/2020 08:30;0,0231
05/07/2020 08:45;0,0231
05/07/2020 09:00;0,0233
05/07/2020 09:15;0,0233
05/07/2020 09:30;0,0233
05/07/2020 09:45;0,0233
05/07/2020 10:00;0,024
05/07/2020 10:15;0,024
05/07/2020 10:30;0,024
05/07/2020 10:45;0,024
05/07/2020 11:00;0,025
05/07/2020 11:15;0,025
05/07/2020 11:30;0,025
05/07/2020 11:45;0,025
05/07/2020 12:00;0,0268
05/07/2020 12:15;0,0268
05/07/2020 12:30;0,0268
05/07/2020 12:45;0,0268
05/07/2020 13:00;0,027
05/07/2020 13:15;0,027
05/07/2020 13:30;0,027
05/07/2020 13:45;0,027
05/07/2020 14:00;0,0253
05/07/2020 14:15;0,0253
05/07/2020 14:30;0,0253
05/07/2020 14:45;0,0253
05/07/2020 15:00;0,0239
05/07/2020 15:15;0,0239
05/07/2020 15:30;0,0239
05/07/2020 15:45;0,0239
05/07/2020 16:00;0,0239
05/07/2020 16:15;0,0239
05/07/2020 16:30;0,0239
05/07/2020 16:45;0,0239
05/07/2020 17:00;0,0229
05/07/2020 17:15;0,0229
05/07/2020 17:30;0,0229
05/07/2020 17:45;0,0229
05/07/2020 18:00;0,0252
05/07/2020 18:15;0,0252
05/07/2020 18:30;0,0252
05/07/2020 18:45;0,0252
05/07/2020 19:00;0,0264
05/07/2020 19:15;0,0264
05/07/2020 19:30;0,0264
05/07/2020 19:45;0,0264
05/07/2020 20:00;0,0295
05/07/2020 20:15;0,0295
05/07/2020 20:30;0,0295
05/07/2020 20:45;0,0295
05/07/2020 21:00;0,038
05/07/2020 21:15;0,038
05/07/2020 21:30;0,038
05/07/2020 21:45;0,038
05/07/2020 22:00;0,03
05/07/2020 22:15;0,03
05/07/2020 22:30;0,03
05/07/2020 22:45;0,03
05/07/2020 23:00;0,0265
05/07/2020 23:15;0,0265
05/07/2020 23:30;0,0265
05/07/2020 23:45;0,0265
06/07/2020 00:00;0,0219
06/07/2020 00:15;0,0219
06/07/2020 00:30;0,0219
06/07/2020 00:45;0,0219
06/07/2020 01:00;0,0205
06/07/2020 01:15;0,0205
06/07/2020 01:30;0,0205
06/07/2020 01:45;0,0205
06/07/2020 02:00;0,0194
06/07/2020 02:15;0,0194
06/07/2020 02:30;0,0194
06/07/2020 02:45;0,0194
06/07/2020 03:00;0,0185
06/07/2020 03:15;0,0185
06/07/2020 03:30;0,0185
06/07/2020 03:45;0,0185
06/07/2020 04:00;0,0185
06/07/2020 04:15;0,0185
06/07/2020 04:30;0,0185
06/07/2020 04:45;0,0185
06/07/2020 05:00;0,0228
06/07/2020 05:15;0,0228
06/07/2020 05:30;0,0228
06/07/2020 05:45;0,0228
06/07/2020 06:00;0,0283
06/07/2020 06:15;0,0283
06/07/2020 06:30;0,0283
06/07/2020 06:45;0,0283
06/07/2020 07:00;0,0289
06/07/2020 07:15;0,0289
06/07/2020 07:30;0,0289
06/07/2020 07:45;0,0289
06/07/2020 08:00;0,0291
06/07/2020 08:15;0,0291
06/07/2020 08:30;0,0291
06/07/2020 08:45;0,0291
06/07/2020 09:00;0,0308
06/07/2020 09:15;0,0308
06/07/2020 09:30;0,0308
06/07/2020 09:45;0,0308
06/07/2020 10:00;0,032
06/07/2020 10:15;0,032
06/07/2020 10:30;0,032
06/07/2020 10:45;0,032
06/07/2020 11:00;0,0325
06/07/2020 11:15;0,0325
06/07/2020 11:30;0,0325
06/07/2020 11:45;0,0325
06/07/2020 12:00;0,0325
06/07/2020 12:15;0,0325
06/07/2020 12:30;0,0325
06/07/2020 12:45;0,0325
06/07/2020 13:00;0,0295
06/07/2020 13:15;0,0295
06/07/2020 13:30;0,0295
06/07/2020 13:45;0,0295
06/07/2020 14:00;0,0283
06/07/2020 14:15;0,0283
06/07/2020 14:30;0,0283
06/07/2020 14:45;0,0283
06/07/2020 15:00;0,0268
06/07/2020 15:15;0,0268
06/07/2020 15:30;0,0268
06/07/2020 15:45;0,0268
06/07/2020 16:00;0,0284
06/07/2020 16:15;0,0284
06/07/2020 16:30;0,0284
06/07/2020 16:45;0,0284
06/07/2020 17:00;0,0291
06/07/2020 17:15;0,0291
06/07/2020 17:30;0,0291
06/07/2020 17:45;0,0291
06/07/2020 18:00;0,0342
06/07/2020 18:15;0,0342
06/07/2020 18:30;0,0342
06/07/2020 18:45;0,0342
06/07/2020 19:00;0,0345
06/07/2020 19:15;0,0345
06/07/2020 19:30;0,0345
06/07/2020 19:45;0,0345
06/07/2020 20:00;0,0353
06/07/2020 20:15;0,0353
06/07/2020 20:30;0,0353
06/07/2020 20:45;0,0353
06/07/2020 21:00;0,0372
06/07/2020 21:15;0,0372
06/07/2020 21:30;0,0372
06/07/2020 21:45;0,0372
06/07/2020 22:00;0,0361
06/07/2020 22:15;0,0361
06/07/2020 22:30;0,0361
06/07/2020 22:45;0,0361
06/07/2020 23:00;0,0333
06/07/2020 23:15;0,0333
06/07/2020 23:30;0,0333
06/07/2020 23:45;0,0333
07/07/2020 00:00;0,0285
07/07/2020 00:15;0,0285
07/07/2020 00:30;0,0285
07/07/2020 00:45;0,0285
07/07/2020 01:00;0,028
07/07/2020 01:15;0,028
07/07/2020 01:30;0,028
07/07/2020 01:45;0,028
07/07/2020 02:00;0,0273
07/07/2020 02:15;0,0273
07/07/2020 02:30;0,0273
07/07/2020 02:45;0,0273
07/07/2020 03:00;0,0272
07/07/2020 03:15;0,0272
07/07/2020 03:30;0,0272
07/07/2020 03:45;0,0272
07/07/2020 04:00;0,0279
07/07/2020 04:15;0,0279
07/07/2020 04:30;0,0279
07/07/2020 04:45;0,0279
07/07/2020 05:00;0,0338
07/07/2020 05:15;0,0338
07/07/2020 05:30;0,0338
07/07/2020 05:45;0,0338
07/07/2020 06:00;0,0377
07/07/2020 06:15;0,0377
07/07/2020 06:30;0,0377
07/07/2020 06:45;0,0377
07/07/2020 07:00;0,0372
07/07/2020 07:15;0,0372
07/07/2020 07:30;0,0372
07/07/2020 07:45;0,0372
07/07/2020 08:00;0,0359
07/07/2020 08:15;0,0359
07/07/2020 08:30;0,0359
07/07/2020 08:45;0,0359
07/07/2020 09:00;0,0342
07/07/2020 09:15;0,0342
07/07/2020 09:30;0,0342
07/07/2020 09:45;0,0342
07/07/2020 10:00;0,0354
07/07/2020 10:15;0,0354
07/07/2020 10:30;0,0354
07/07/2020 10:45;0,0354
07/07/2020 11:00;0,0391
07/07/2020 11:15;0,0391
07/07/2020 11:30;0,0391
07/07/2020 11:45;0,0391
07/07/2020 12:00;0,0391
07/07/2020 12:15;0,0391
07/07/2020 12:30;0,0391
07/07/2020 12:45;0,0391
07/07/2020 13:00;0,038
07/07/2020 13:15;0,038
07/07/2020 13:30;0,038
07/07/2020 13:45;0,038
07/07/2020 14:00;0,0351
07/07/2020 14:15;0,0351
07/07/2020 14:30;0,0351
07/07/2020 14:45;0,0351
07/07/2020 15:00;0,034
07/07/2020 15:15;0,034
07/07/2020 15:30;0,034
07/07/2020 15:45;0,034
07/07/2020 16:00;0,0357
07/07/2020 16:15;0,0357
07/07/2020 16:30;0,0357
07/07/2020 16:45;0,0357
07/07/2020 17:00;0,0385
07/07/2020 17:15;0,0385
07/07/2020 17:30;0,0385
07/07/2020 17:45;0,0385
07/07/2020 18:00;0,0408
07/07/2020 18:15;0,0408
07/07/2020 18:30;0,0408
07/07/2020 18:45;0,0408
07/07/2020 19:00;0,0408
07/07/2020 19:15;0,0408
07/07/2020 19:30;0,0408
07/07/2020 19:45;0,0408
07/07/2020 20:00;0,0401
07/07/2020 20:15;0,0401
07/07/2020 20:30;0,0401
07/07/2020 20:45;0,0401
07/07/2020 21:00;0,0402
07/07/2020 21:15;0,0402
07/07/2020 21:30;0,0402
07/07/2020 21:45;0,0402
07/07/2020 22:00;0,037
07/07/2020 22:15;0,037
07/07/2020 22:30;0,037
07/07/2020 22:45;0,037
07/07/2020 23:00;0,0363
07/07/2020 23:15;0,0363
07/07/2020 23:30;0,0363
07/07/2020 23:45;0,0363
08/07/2020 00:00;0,0327
08/07/2020 00:15;0,0327
08/07/2020 00:30;0,0327
08/07/2020 00:45;0,0327
08/07/2020 01:00;0,0304
08/07/2020 01:15;0,0304
08/07/2020 01:30;0,0304
08/07/2020 01:45;0,0304
08/07/2020 02:00;0,0299
08/07/2020 02:15;0,0299
08/07/2020 02:30;0,0299
08/07/2020 02:45;0,0299
08/07/2020 03:00;0,0296
08/07/2020 03:15;0,0296
08/07/2020 03:30;0,0296
08/07/2020 03:45;0,0296
08/07/2020 04:00;0,0303
08/07/2020 04:15;0,0303
08/07/2020 04:30;0,0303
08/07/2020 04:45;0,0303
08/07/2020 05:00;0,037
08/07/2020 05:15;0,037
08/07/2020 05:30;0,037
08/07/2020 05:45;0,037
08/07/2020 06:00;0,04
08/07/2020 06:15;0,04
08/07/2020 06:30;0,04
08/07/2020 06:45;0,04
08/07/2020 07:00;0,04
08/07/2020 07:15;0,04
08/07/2020 07:30;0,04
08/07/2020 07:45;0,04
08/07/2020 08:00;0,04
08/07/2020 08:15;0,04
08/07/2020 08:30;0,04
08/07/2020 08:45;0,04
08/07/2020 09:00;0,04
08/07/2020 09:15;0,04
08/07/2020 09:30;0,04
08/07/2020 09:45;0,04
08/07/2020 10:00;0,04
08/07/2020 10:15;0,04
08/07/2020 10:30;0,04
08/07/2020 10:45;0,04
08/07/2020 11:00;0,0403
08/07/2020 11:15;0,0403
08/07/2020 11:30;0,0403
08/07/2020 11:45;0,0403
08/07/2020 12:00;0,0406
08/07/2020 12:15;0,0406
08/07/2020 12:30;0,0406
08/07/2020 12:45;0,0406
08/07/2020 13:00;0,0402
08/07/2020 13:15;0,0402
08/07/2020 13:30;0,0402
08/07/2020 13:45;0,0402
08/07/2020 14:00;0,04
08/07/2020 14:15;0,04
08/07/2020 14:30;0,04
08/07/2020 14:45;0,04
08/07/2020 15:00;0,04
08/07/2020 15:15;0,04
08/07/2020 15:30;0,04
08/07/2020 15:45;0,04
08/07/2020 16:00;0,0401
08/07/2020 16:15;0,0401
08/07/2020 16:30;0,0401
08/07/2020 16:45;0,0401
08/07/2020 17:00;0,0401
08/07/2020 17:15;0,0401
08/07/2020 17:30;0,0401
08/07/2020 17:45;0,0401
08/07/2020 18:00;0,0399
08/07/2020 18:15;0,0399
08/07/2020 18:30;0,0399
08/07/2020 18:45;0,0399
08/07/2020 19:00;0,0399
08/07/2020 19:15;0,0399
08/07/2020 19:30;0,0399
08/07/2020 19:45;0,0399
08/07/2020 20:00;0,0402
08/07/2020 20:15;0,0402
08/07/2020 20:30;0,0402
08/07/2020 20:45;0,0402
08/07/2020 21:00;0,0402
08/07/2020 21:15;0,0402
08/07/2020 21:30;0,0402
08/07/2020 21:45;0,0402
08/07/2020 22:00;0,0392
08/07/2020 22:15;0,0392
08/07/2020 22:30;0,0392
08/07/2020 22:45;0,0392
08/07/2020 23:00;0,0399
08/07/2020 23:15;0,0399
08/07/2020 23:30;0,0399
08/07/2020 23:45;0,0399
09/07/2020 00:00;0,0354
09/07/2020 00:15;0,0354
09/07/2020 00:30;0,0354
09/07/2020 00:45;0,0354
09/07/2020 01:00;0,0327
09/07/2020 01:15;0,0327
09/07/2020 01:30;0,0327
09/07/2020 01:45;0,0327
09/07/2020 02:00;0,0301
09/07/2020 02:15;0,0301
09/07/2020 02:30;0,0301
09/07/2020 02:45;0,0301
09/07/2020 03:00;0,03
09/07/2020 03:15;0,03
09/07/2020 03:30;0,03
09/07/2020 03:45;0,03
09/07/2020 04:00;0,0326
09/07/2020 04:15;0,0326
09/07/2020 04:30;0,0326
09/07/2020 04:45;0,0326
09/07/2020 05:00;0,0382
09/07/2020 05:15;0,0382
09/07/2020 05:30;0,0382
09/07/2020 05:45;0,0382
09/07/2020 06:00;0,0417
09/07/2020 06:15;0,0417
09/07/2020 06:30;0,0417
09/07/2020 06:45;0,0417
09/07/2020 07:00;0,0428
09/07/2020 07:15;0,0428
09/07/2020 07:30;0,0428
09/07/2020 07:45;0,0428
09/07/2020 08:00;0,0431
09/07/2020 08:15;0,0431
09/07/2020 08:30;0,0431
09/07/2020 08:45;0,0431
09/07/2020 09:00;0,0431
09/07/2020 09:15;0,0431
09/07/2020 09:30;0,0431
09/07/2020 09:45;0,0431
09/07/2020 10:00;0,043
09/07/2020 10:15;0,043
09/07/2020 10:30;0,043
09/07/2020 10:45;0,043
09/07/2020 11:00;0,0432
09/07/2020 11:15;0,0432
09/07/2020 11:30;0,0432
09/07/2020 11:45;0,0432
09/07/2020 12:00;0,0425
09/07/2020 12:15;0,0425
09/07/2020 12:30;0,0425
09/07/2020 12:45;0,0425
09/07/2020 13:00;0,0408
09/07/2020 13:15;0,0408
09/07/2020 13:30;0,0408
09/07/2020 13:45;0,0408
09/07/2020 14:00;0,0398
09/07/2020 14:15;0,0398
09/07/2020 14:30;0,0398
09/07/2020 14:45;0,0398
09/07/2020 15:00;0,0399
09/07/2020 15:15;0,0399
09/07/2020 15:30;0,0399
09/07/2020 15:45;0,0399
09/07/2020 16:00;0,0417
09/07/2020 16:15;0,0417
09/07/2020 16:30;0,0417
09/07/2020 16:45;0,0417
09/07/2020 17:00;0,0426
09/07/2020 17:15;0,0426
09/07/2020 17:30;0,0426
09/07/2020 17:45;0,0426
09/07/2020 18:00;0,0428
09/07/2020 18:15;0,0428
09/07/2020 18:30;0,0428
09/07/2020 18:45;0,0428
09/07/2020 19:00;0,0432
09/07/2020 19:15;0,0432
09/07/2020 19:30;0,0432
09/07/2020 19:45;0,0432
09/07/2020 20:00;0,0438
09/07/2020 20:15;0,0438
09/07/2020 20:30;0,0438
09/07/2020 20:45;0,0438
09/07/2020 21:00;0,0437
09/07/2020 21:15;0,0437
09/07/2020 21:30;0,0437
09/07/2020 21:45;0,0437
09/07/2020 22:00;0,0419
09/07/2020 22:15;0,0419
09/07/2020 22:30;0,0419
09/07/2020 22:45;0,0419
09/07/2020 23:00;0,0412
09/07/2020 23:15;0,0412
09/07/2020 23:30;0,0412
09/07/2020 23:45;0,0412
10/07/2020 00:00;0,0393
10/07/2020 00:15;0,0393
10/07/2020 00:30;0,0393
10/07/2020 00:45;0,0393
10/07/2020 01:00;0,0356
10/07/2020 01:15;0,0356
10/07/2020 01:30;0,0356
10/07/2020 01:45;0,0356
10/07/2020 02:00;0,0331
10/07/2020 02:15;0,0331
10/07/2020 02:30;0,0331
10/07/2020 02:45;0,0331
10/07/2020 03:00;0,031
10/07/2020 03:15;0,031
10/07/2020 03:30;0,031
10/07/2020 03:45;0,031
10/07/2020 04:00;0,0314
10/07/2020 04:15;0,0314
10/07/2020 04:30;0,0314
10/07/2020 04:45;0,0314
10/07/2020 05:00;0,0366
10/07/2020 05:15;0,0366
10/07/2020 05:30;0,0366
10/07/2020 05:45;0,0366
10/07/2020 06:00;0,041
10/07/2020 06:15;0,041
10/07/2020 06:30;0,041
10/07/2020 06:45;0,041
10/07/2020 07:00;0,0429
10/07/2020 07:15;0,0429
10/07/2020 07:30;0,0429
10/07/2020 07:45;0,0429
10/07/2020 08:00;0,0425
10/07/2020 08:15;0,0425
10/07/2020 08:30;0,0425
10/07/2020 08:45;0,0425
10/07/2020 09:00;0,0418
10/07/2020 09:15;0,0418
10/07/2020 09:30;0,0418
10/07/2020 09:45;0,0418
10/07/2020 10:00;0,0411
10/07/2020 10:15;0,0411
10/07/2020 10:30;0,0411
10/07/2020 10:45;0,0411
10/07/2020 11:00;0,0409
10/07/2020 11:15;0,0409
10/07/2020 11:30;0,0409
10/07/2020 11:45;0,0409
10/07/2020 12:00;0,0405
10/07/2020 12:15;0,0405
10/07/2020 12:30;0,0405
10/07/2020 12:45;0,0405
10/07/2020 13:00;0,04
10/07/2020 13:15;0,04
10/07/2020 13:30;0,04
10/07/2020 13:45;0,04
10/07/2020 14:00;0,0393
10/07/2020 14:15;0,0393
10/07/2020 14:30;0,0393
10/07/2020 14:45;0,0393
10/07/2020 15:00;0,0362
10/07/2020 15:15;0,0362
10/07/2020 15:30;0,0362
10/07/2020 15:45;0,0362
10/07/2020 16:00;0,0361
10/07/2020 16:15;0,0361
10/07/2020 16:30;0,0361
10/07/2020 16:45;0,0361
10/07/2020 17:00;0,039
10/07/2020 17:15;0,039
10/07/2020 17:30;0,039
10/07/2020 17:45;0,039
10/07/2020 18:00;0,038
10/07/2020 18:15;0,038
10/07/2020 18:30;0,038
10/07/2020 18:45;0,038
10/07/2020 19:00;0,0363
10/07/2020 19:15;0,0363
10/07/2020 19:30;0,0363
10/07/2020 19:45;0,0363
10/07/2020 20:00;0,039
10/07/2020 20:15;0,039
10/07/2020 20:30;0,039
10/07/2020 20:45;0,039
10/07/2020 21:00;0,0385
10/07/2020 21:15;0,0385
10/07/2020 21:30;0,0385
10/07/2020 21:45;0,0385
10/07/2020 22:00;0,0295
10/07/2020 22:15;0,0295
10/07/2020 22:30;0,0295
10/07/2020 22:45;0,0295
11/07/2020 23:00;0,033
11/07/2020 23:15;0,033
11/07/2020 23:30;0,033
11/07/2020 23:45;0,033
12/07/2020 00:00;0,0288
12/07/2020 00:15;0,0288
12/07/2020 00:30;0,0288
12/07/2020 00:45;0,0288
12/07/2020 01:00;0,0262
12/07/2020 01:15;0,0262
12/07/2020 01:30;0,0262
12/07/2020 01:45;0,0262
12/07/2020 02:00;0,025
12/07/2020 02:15;0,025
12/07/2020 02:30;0,025
12/07/2020 02:45;0,025
12/07/2020 03:00;0,0247
12/07/2020 03:15;0,0247
12/07/2020 03:30;0,0247
12/07/2020 03:45;0,0247
12/07/2020 04:00;0,0241
12/07/2020 04:15;0,0241
12/07/2020 04:30;0,0241
12/07/2020 04:45;0,0241
12/07/2020 05:00;0,0241
12/07/2020 05:15;0,0241
12/07/2020 05:30;0,0241
12/07/2020 05:45;0,0241
12/07/2020 06:00;0,0241
12/07/2020 06:15;0,0241
12/07/2020 06:30;0,0241
12/07/2020 06:45;0,0241
12/07/2020 07:00;0,0243
12/07/2020 07:15;0,0243
12/07/2020 07:30;0,0243
12/07/2020 07:45;0,0243
12/07/2020 08:00;0,0241
12/07/2020 08:15;0,0241
12/07/2020 08:30;0,0241
12/07/2020 08:45;0,0241
12/07/2020 09:00;0,025
12/07/2020 09:15;0,025
12/07/2020 09:30;0,025
12/07/2020 09:45;0,025
12/07/2020 10:00;0,0251
12/07/2020 10:15;0,0251
12/07/2020 10:30;0,0251
12/07/2020 10:45;0,0251
12/07/2020 11:00;0,0262
12/07/2020 11:15;0,0262
12/07/2020 11:30;0,0262
12/07/2020 11:45;0,0262
12/07/2020 12:00;0,0279
12/07/2020 12:15;0,0279
12/07/2020 12:30;0,0279
12/07/2020 12:45;0,0279
12/07/2020 13:00;0,0292
12/07/2020 13:15;0,0292
12/07/2020 13:30;0,0292
12/07/2020 13:45;0,0292
12/07/2020 14:00;0,027
12/07/2020 14:15;0,027
12/07/2020 14:30;0,027
12/07/2020 14:45;0,027
12/07/2020 15:00;0,026
12/07/2020 15:15;0,026
12/07/2020 15:30;0,026
12/07/2020 15:45;0,026
12/07/2020 16:00;0,027
12/07/2020 16:15;0,027
12/07/2020 16:30;0,027
12/07/2020 16:45;0,027
12/07/2020 17:00;0,0291
12/07/2020 17:15;0,0291
12/07/2020 17:30;0,0291
12/07/2020 17:45;0,0291
12/07/2020 18:00;0,0351
12/07/2020 18:15;0,0351
12/07/2020 18:30;0,0351
12/07/2020 18:45;0,0351
12/07/2020 19:00;0,0373
12/07/2020 19:15;0,0373
12/07/2020 19:30;0,0373
12/07/2020 19:45;0,0373
12/07/2020 20:00;0,0393
12/07/2020 20:15;0,0393
12/07/2020 20:30;0,0393
12/07/2020 20:45;0,0393
12/07/2020 21:00;0,0412
12/07/2020 21:15;0,0412
12/07/2020 21:30;0,0412
12/07/2020 21:45;0,0412
12/07/2020 22:00;0,0375
12/07/2020 22:15;0,0375
12/07/2020 22:30;0,0375
12/07/2020 22:45;0,0375
12/07/2020 23:00;0,0347
12/07/2020 23:15;0,0347
12/07/2020 23:30;0,0347
12/07/2020 23:45;0,0347
13/07/2020 00:00;0,0275
13/07/2020 00:15;0,0275
13/07/2020 00:30;0,0275
13/07/2020 00:45;0,0275
13/07/2020 01:00;0,0257
13/07/2020 01:15;0,0257
13/07/2020 01:30;0,0257
13/07/2020 01:45;0,0257
13/07/2020 02:00;0,0251
13/07/2020 02:15;0,0251
13/07/2020 02:30;0,0251
13/07/2020 02:45;0,0251
13/07/2020 03:00;0,0251
13/07/2020 03:15;0,0251
13/07/2020 03:30;0,0251
13/07/2020 03:45;0,0251
13/07/2020 04:00;0,0265
13/07/2020 04:15;0,0265
13/07/2020 04:30;0,0265
13/07/2020 04:45;0,0265
13/07/2020 05:00;0,0346
13/07/2020 05:15;0,0346
13/07/2020 05:30;0,0346
13/07/2020 05:45;0,0346
13/07/2020 06:00;0,0393
13/07/2020 06:15;0,0393
13/07/2020 06:30;0,0393
13/07/2020 06:45;0,0393
13/07/2020 07:00;0,0381
13/07/2020 07:15;0,0381
13/07/2020 07:30;0,0381
13/07/2020 07:45;0,0381
13/07/2020 08:00;0,0377
13/07/2020 08:15;0,0377
13/07/2020 08:30;0,0377
13/07/2020 08:45;0,0377
13/07/2020 09:00;0,035
13/07/2020 09:15;0,035
13/07/2020 09:30;0,035
13/07/2020 09:45;0,035
13/07/2020 10:00;0,0337
13/07/2020 10:15;0,0337
13/07/2020 10:30;0,0337
13/07/2020 10:45;0,0337
13/07/2020 11:00;0,0343
13/07/2020 11:15;0,0343
13/07/2020 11:30;0,0343
13/07/2020 11:45;0,0343
13/07/2020 12:00;0,035
13/07/2020 12:15;0,035
13/07/2020 12:30;0,035
13/07/2020 12:45;0,035
13/07/2020 13:00;0,0347
13/07/2020 13:15;0,0347
13/07/2020 13:30;0,0347
13/07/2020 13:45;0,0347
13/07/2020 14:00;0,0328
13/07/2020 14:15;0,0328
13/07/2020 14:30;0,0328
13/07/2020 14:45;0,0328
13/07/2020 15:00;0,034
13/07/2020 15:15;0,034
13/07/2020 15:30;0,034
13/07/2020 15:45;0,034
13/07/2020 16:00;0,0374
13/07/2020 16:15;0,0374
13/07/2020 16:30;0,0374
13/07/2020 16:45;0,0374
13/07/2020 17:00;0,0362
13/07/2020 17:15;0,0362
13/07/2020 17:30;0,0362
13/07/2020 17:45;0,0362
13/07/2020 18:00;0,0361
13/07/2020 18:15;0,0361
13/07/2020 18:30;0,0361
13/07/2020 18:45;0,0361
13/07/2020 19:00;0,039
13/07/2020 19:15;0,039
13/07/2020 19:30;0,039
13/07/2020 19:45;0,039
13/07/2020 20:00;0,039
13/07/2020 20:15;0,039
13/07/2020 20:30;0,039
13/07/2020 20:45;0,039
13/07/2020 21:00;0,039
13/07/2020 21:15;0,039
13/07/2020 21:30;0,039
13/07/2020 21:45;0,039
13/07/2020 22:00;0,0346
13/07/2020 22:15;0,0346
13/07/2020 22:30;0,0346
13/07/2020 22:45;0,0346
13/07/2020 23:00;0,0345
13/07/2020 23:15;0,0345
13/07/2020 23:30;0,0345
13/07/2020 23:45;0,0345
14/07/2020 00:00;0,0298
14/07/2020 00:15;0,0298
14/07/2020 00:30;0,0298
14/07/2020 00:45;0,0298
14/07/2020 01:00;0,0282
14/07/2020 01:15;0,0282
14/07/2020 01:30;0,0282
14/07/2020 01:45;0,0282
14/07/2020 02:00;0,0277
14/07/2020 02:15;0,0277
14/07/2020 02:30;0,0277
14/07/2020 02:45;0,0277
14/07/2020 03:00;0,027
14/07/2020 03:15;0,027
14/07/2020 03:30;0,027
14/07/2020 03:45;0,027
14/07/2020 04:00;0,0268
14/07/2020 04:15;0,0268
14/07/2020 04:30;0,0268
14/07/2020 04:45;0,0268
14/07/2020 05:00;0,027
14/07/2020 05:15;0,027
14/07/2020 05:30;0,027
14/07/2020 05:45;0,027
14/07/2020 06:00;0,0279
14/07/2020 06:15;0,0279
14/07/2020 06:30;0,0279
14/07/2020 06:45;0,0279
14/07/2020 07:00;0,0333
14/07/2020 07:15;0,0333
14/07/2020 07:30;0,0333
14/07/2020 07:45;0,0333
14/07/2020 08:00;0,0364
14/07/2020 08:15;0,0364
14/07/2020 08:30;0,0364
14/07/2020 08:45;0,0364
14/07/2020 09:00;0,0362
14/07/2020 09:15;0,0362
14/07/2020 09:30;0,0362
14/07/2020 09:45;0,0362
14/07/2020 10:00;0,0365
14/07/2020 10:15;0,0365
14/07/2020 10:30;0,0365
14/07/2020 10:45;0,0365
14/07/2020 11:00;0,037
14/07/2020 11:15;0,037
14/07/2020 11:30;0,037
14/07/2020 11:45;0,037
14/07/2020 12:00;0,0375
14/07/2020 12:15;0,0375
14/07/2020 12:30;0,0375
14/07/2020 12:45;0,0375
14/07/2020 13:00;0,0371
14/07/2020 13:15;0,0371
14/07/2020 13:30;0,0371
14/07/2020 13:45;0,0371
14/07/2020 14:00;0,0366
14/07/2020 14:15;0,0366
14/07/2020 14:30;0,0366
14/07/2020 14:45;0,0366
14/07/2020 15:00;0,0362
14/07/2020 15:15;0,0362
14/07/2020 15:30;0,0362
14/07/2020 15:45;0,0362
14/07/2020 16:00;0,0383
14/07/2020 16:15;0,0383
14/07/2020 16:30;0,0383
14/07/2020 16:45;0,0383
14/07/2020 17:00;0,0376
14/07/2020 17:15;0,0376
14/07/2020 17:30;0,0376
14/07/2020 17:45;0,0376
14/07/2020 18:00;0,037
14/07/2020 18:15;0,037
14/07/2020 18:30;0,037
14/07/2020 18:45;0,037
14/07/2020 19:00;0,0354
14/07/2020 19:15;0,0354
14/07/2020 19:30;0,0354
14/07/2020 19:45;0,0354
14/07/2020 20:00;0,0362
14/07/2020 20:15;0,0362
14/07/2020 20:30;0,0362
14/07/2020 20:45;0,0362
14/07/2020 21:00;0,035
14/07/2020 21:15;0,035
14/07/2020 21:30;0,035
14/07/2020 21:45;0,035
14/07/2020 22:00;0,032
14/07/2020 22:15;0,032
14/07/2020 22:30;0,032
14/07/2020 22:45;0,032
14/07/2020 23:00;0,0356
14/07/2020 23:15;0,0356
14/07/2020 23:30;0,0356
14/07/2020 23:45;0,0356
15/07/2020 00:00;0,0278
15/07/2020 00:15;0,0278
15/07/2020 00:30;0,0278
15/07/2020 00:45;0,0278
15/07/2020 01:00;0,0267
15/07/2020 01:15;0,0267
15/07/2020 01:30;0,0267
15/07/2020 01:45;0,0267
15/07/2020 02:00;0,026
15/07/2020 02:15;0,026
15/07/2020 02:30;0,026
15/07/2020 02:45;0,026
15/07/2020 03:00;0,026
15/07/2020 03:15;0,026
15/07/2020 03:30;0,026
15/07/2020 03:45;0,026
15/07/2020 04:00;0,0262
15/07/2020 04:15;0,0262
15/07/2020 04:30;0,0262
15/07/2020 04:45;0,0262
15/07/2020 05:00;0,0272
15/07/2020 05:15;0,0272
15/07/2020 05:30;0,0272
15/07/2020 05:45;0,0272
15/07/2020 06:00;0,0277
15/07/2020 06:15;0,0277
15/07/2020 06:30;0,0277
15/07/2020 06:45;0,0277
15/07/2020 07:00;0,0316
15/07/2020 07:15;0,0316
15/07/2020 07:30;0,0316
15/07/2020 07:45;0,0316
15/07/2020 08:00;0,0341
15/07/2020 08:15;0,0341
15/07/2020 08:30;0,0341
15/07/2020 08:45;0,0341
15/07/2020 09:00;0,0313
15/07/2020 09:15;0,0313
15/07/2020 09:30;0,0313
15/07/2020 09:45;0,0313
15/07/2020 10:00;0,0278
15/07/2020 10:15;0,0278
15/07/2020 10:30;0,0278
15/07/2020 10:45;0,0278
15/07/2020 11:00;0,033
15/07/2020 11:15;0,033
15/07/2020 11:30;0,033
15/07/2020 11:45;0,033
15/07/2020 12:00;0,035
15/07/2020 12:15;0,035
15/07/2020 12:30;0,035
15/07/2020 12:45;0,035
15/07/2020 13:00;0,033
15/07/2020 13:15;0,033
15/07/2020 13:30;0,033
15/07/2020 13:45;0,033
15/07/2020 14:00;0,0335
15/07/2020 14:15;0,0335
15/07/2020 14:30;0,0335
15/07/2020 14:45;0,0335
15/07/2020 15:00;0,0341
15/07/2020 15:15;0,0341
15/07/2020 15:30;0,0341
15/07/2020 15:45;0,0341
15/07/2020 16:00;0,0326
15/07/2020 16:15;0,0326
15/07/2020 16:30;0,0326
15/07/2020 16:45;0,0326
15/07/2020 17:00;0,0278
15/07/2020 17:15;0,0278
15/07/2020 17:30;0,0278
15/07/2020 17:45;0,0278
15/07/2020 18:00;0,0294
15/07/2020 18:15;0,0294
15/07/2020 18:30;0,0294
15/07/2020 18:45;0,0294
15/07/2020 19:00;0,0341
15/07/2020 19:15;0,0341
15/07/2020 19:30;0,0341
15/07/2020 19:45;0,0341
15/07/2020 20:00;0,0371
15/07/2020 20:15;0,0371
15/07/2020 20:30;0,0371
15/07/2020 20:45;0,0371
15/07/2020 21:00;0,0369
15/07/2020 21:15;0,0369
15/07/2020 21:30;0,0369
15/07/2020 21:45;0,0369
15/07/2020 22:00;0,0311
15/07/2020 22:15;0,0311
15/07/2020 22:30;0,0311
15/07/2020 22:45;0,0311
15/07/2020 23:00;0,0362
15/07/2020 23:15;0,0362
15/07/2020 23:30;0,0362
15/07/2020 23:45;0,0362
16/07/2020 00:00;0,0325
16/07/2020 00:15;0,0325
16/07/2020 00:30;0,0325
16/07/2020 00:45;0,0325
16/07/2020 01:00;0,0278
16/07/2020 01:15;0,0278
16/07/2020 01:30;0,0278
16/07/2020 01:45;0,0278
16/07/2020 02:00;0,0275
16/07/2020 02:15;0,0275
16/07/2020 02:30;0,0275
16/07/2020 02:45;0,0275
16/07/2020 03:00;0,027
16/07/2020 03:15;0,027
16/07/2020 03:30;0,027
16/07/2020 03:45;0,027
16/07/2020 04:00;0,0278
16/07/2020 04:15;0,0278
16/07/2020 04:30;0,0278
16/07/2020 04:45;0,0278
16/07/2020 05:00;0,0292
16/07/2020 05:15;0,0292
16/07/2020 05:30;0,0292
16/07/2020 05:45;0,0292
16/07/2020 06:00;0,036
16/07/2020 06:15;0,036
16/07/2020 06:30;0,036
16/07/2020 06:45;0,036
16/07/2020 07:00;0,0362
16/07/2020 07:15;0,0362
16/07/2020 07:30;0,0362
16/07/2020 07:45;0,0362
16/07/2020 08:00;0,037
16/07/2020 08:15;0,037
16/07/2020 08:30;0,037
16/07/2020 08:45;0,037
16/07/2020 09:00;0,0368
16/07/2020 09:15;0,0368
16/07/2020 09:30;0,0368
16/07/2020 09:45;0,0368
16/07/2020 10:00;0,0368
16/07/2020 10:15;0,0368
16/07/2020 10:30;0,0368
16/07/2020 10:45;0,0368
16/07/2020 11:00;0,0377
16/07/2020 11:15;0,0377
16/07/2020 11:30;0,0377
16/07/2020 11:45;0,0377
16/07/2020 12:00;0,0399
16/07/2020 12:15;0,0399
16/07/2020 12:30;0,0399
16/07/2020 12:45;0,0399
16/07/2020 13:00;0,0388
16/07/2020 13:15;0,0388
16/07/2020 13:30;0,0388
16/07/2020 13:45;0,0388
16/07/2020 14:00;0,0377
16/07/2020 14:15;0,0377
16/07/2020 14:30;0,0377
16/07/2020 14:45;0,0377
16/07/2020 15:00;0,0375
16/07/2020 15:15;0,0375
16/07/2020 15:30;0,0375
16/07/2020 15:45;0,0375
16/07/2020 16:00;0,0371
16/07/2020 16:15;0,0371
16/07/2020 16:30;0,0371
16/07/2020 16:45;0,0371
16/07/2020 17:00;0,0366
16/07/2020 17:15;0,0366
16/07/2020 17:30;0,0366
16/07/2020 17:45;0,0366
16/07/2020 18:00;0,0363
16/07/2020 18:15;0,0363
16/07/2020 18:30;0,0363
16/07/2020 18:45;0,0363
16/07/2020 19:00;0,0365
16/07/2020 19:15;0,0365
16/07/2020 19:30;0,0365
16/07/2020 19:45;0,0365
16/07/2020 20:00;0,0371
16/07/2020 20:15;0,0371
16/07/2020 20:30;0,0371
16/07/2020 20:45;0,0371
16/07/2020 21:00;0,0367
16/07/2020 21:15;0,0367
16/07/2020 21:30;0,0367
16/07/2020 21:45;0,0367
16/07/2020 22:00;0,0347
16/07/2020 22:15;0,0347
16/07/2020 22:30;0,0347
16/07/2020 22:45;0,0347
16/07/2020 23:00;0,0353
16/07/2020 23:15;0,0353
16/07/2020 23:30;0,0353
16/07/2020 23:45;0,0353
17/07/2020 00:00;0,03
17/07/2020 00:15;0,03
17/07/2020 00:30;0,03
17/07/2020 00:45;0,03
17/07/2020 01:00;0,027
17/07/2020 01:15;0,027
17/07/2020 01:30;0,027
17/07/2020 01:45;0,027
17/07/2020 02:00;0,0265
17/07/2020 02:15;0,0265
17/07/2020 02:30;0,0265
17/07/2020 02:45;0,0265
17/07/2020 03:00;0,0265
17/07/2020 03:15;0,0265
17/07/2020 03:30;0,0265
17/07/2020 03:45;0,0265
17/07/2020 04:00;0,0272
17/07/2020 04:15;0,0272
17/07/2020 04:30;0,0272
17/07/2020 04:45;0,0272
17/07/2020 05:00;0,0286
17/07/2020 05:15;0,0286
17/07/2020 05:30;0,0286
17/07/2020 05:45;0,0286
17/07/2020 06:00;0,0283
17/07/2020 06:15;0,0283
17/07/2020 06:30;0,0283
17/07/2020 06:45;0,0283
17/07/2020 07:00;0,03
17/07/2020 07:15;0,03
17/07/2020 07:30;0,03
17/07/2020 07:45;0,03
17/07/2020 08:00;0,0312
17/07/2020 08:15;0,0312
17/07/2020 08:30;0,0312
17/07/2020 08:45;0,0312
17/07/2020 09:00;0,0305
17/07/2020 09:15;0,0305
17/07/2020 09:30;0,0305
17/07/2020 09:45;0,0305
17/07/2020 10:00;0,0305
17/07/2020 10:15;0,0305
17/07/2020 10:30;0,0305
17/07/2020 10:45;0,0305
17/07/2020 11:00;0,0335
17/07/2020 11:15;0,0335
17/07/2020 11:30;0,0335
17/07/2020 11:45;0,0335
17/07/2020 12:00;0,0361
17/07/2020 12:15;0,0361
17/07/2020 12:30;0,0361
17/07/2020 12:45;0,0361
17/07/2020 13:00;0,0357
17/07/2020 13:15;0,0357
17/07/2020 13:30;0,0357
17/07/2020 13:45;0,0357
17/07/2020 14:00;0,0345
17/07/2020 14:15;0,0345
17/07/2020 14:30;0,0345
17/07/2020 14:45;0,0345
17/07/2020 15:00;0,034
17/07/2020 15:15;0,034
17/07/2020 15:30;0,034
17/07/2020 15:45;0,034
17/07/2020 16:00;0,0335
17/07/2020 16:15;0,0335
17/07/2020 16:30;0,0335
17/07/2020 16:45;0,0335
17/07/2020 17:00;0,0322
17/07/2020 17:15;0,0322
17/07/2020 17:30;0,0322
17/07/2020 17:45;0,0322
17/07/2020 18:00;0,035
17/07/2020 18:15;0,035
17/07/2020 18:30;0,035
17/07/2020 18:45;0,035
17/07/2020 19:00;0,0361
17/07/2020 19:15;0,0361
17/07/2020 19:30;0,0361
17/07/2020 19:45;0,0361
17/07/2020 20:00;0,037
17/07/2020 20:15;0,037
17/07/2020 20:30;0,037
17/07/2020 20:45;0,037
17/07/2020 21:00;0,037
17/07/2020 21:15;0,037
17/07/2020 21:30;0,037
17/07/2020 21:45;0,037
17/07/2020 22:00;0,036
17/07/2020 22:15;0,036
17/07/2020 22:30;0,036
17/07/2020 22:45;0,036
18/07/2020 23:00;0,0387
18/07/2020 23:15;0,0387
18/07/2020 23:30;0,0387
18/07/2020 23:45;0,0387
19/07/2020 00:00;0,0367
19/07/2020 00:15;0,0367
19/07/2020 00:30;0,0367
19/07/2020 00:45;0,0367
19/07/2020 01:00;0,0334
19/07/2020 01:15;0,0334
19/07/2020 01:30;0,0334
19/07/2020 01:45;0,0334
19/07/2020 02:00;0,0306
19/07/2020 02:15;0,0306
19/07/2020 02:30;0,0306
19/07/2020 02:45;0,0306
19/07/2020 03:00;0,0283
19/07/2020 03:15;0,0283
19/07/2020 03:30;0,0283
19/07/2020 03:45;0,0283
19/07/2020 04:00;0,0281
19/07/2020 04:15;0,0281
19/07/2020 04:30;0,0281
19/07/2020 04:45;0,0281
19/07/2020 05:00;0,0275
19/07/2020 05:15;0,0275
19/07/2020 05:30;0,0275
19/07/2020 05:45;0,0275
19/07/2020 06:00;0,0268
19/07/2020 06:15;0,0268
19/07/2020 06:30;0,0268
19/07/2020 06:45;0,0268
19/07/2020 07:00;0,0261
19/07/2020 07:15;0,0261
19/07/2020 07:30;0,0261
19/07/2020 07:45;0,0261
19/07/2020 08:00;0,0258
19/07/2020 08:15;0,0258
19/07/2020 08:30;0,0258
19/07/2020 08:45;0,0258
19/07/2020 09:00;0,0257
19/07/2020 09:15;0,0257
19/07/2020 09:30;0,0257
19/07/2020 09:45;0,0257
19/07/2020 10:00;0,0259
19/07/2020 10:15;0,0259
19/07/2020 10:30;0,0259
19/07/2020 10:45;0,0259
19/07/2020 11:00;0,027
19/07/2020 11:15;0,027
19/07/2020 11:30;0,027
19/07/2020 11:45;0,027
19/07/2020 12:00;0,0272
19/07/2020 12:15;0,0272
19/07/2020 12:30;0,0272
19/07/2020 12:45;0,0272
19/07/2020 13:00;0,0272
19/07/2020 13:15;0,0272
19/07/2020 13:30;0,0272
19/07/2020 13:45;0,0272
19/07/2020 14:00;0,0258
19/07/2020 14:15;0,0258
19/07/2020 14:30;0,0258
19/07/2020 14:45;0,0258
19/07/2020 15:00;0,0256
19/07/2020 15:15;0,0256
19/07/2020 15:30;0,0256
19/07/2020 15:45;0,0256
19/07/2020 16:00;0,026
19/07/2020 16:15;0,026
19/07/2020 16:30;0,026
19/07/2020 16:45;0,026
19/07/2020 17:00;0,0298
19/07/2020 17:15;0,0298
19/07/2020 17:30;0,0298
19/07/2020 17:45;0,0298
19/07/2020 18:00;0,0362
19/07/2020 18:15;0,0362
19/07/2020 18:30;0,0362
19/07/2020 18:45;0,0362
19/07/2020 19:00;0,0375
19/07/2020 19:15;0,0375
19/07/2020 19:30;0,0375
19/07/2020 19:45;0,0375
19/07/2020 20:00;0,038
19/07/2020 20:15;0,038
19/07/2020 20:30;0,038
19/07/2020 20:45;0,038
19/07/2020 21:00;0,0404
19/07/2020 21:15;0,0404
19/07/2020 21:30;0,0404
19/07/2020 21:45;0,0404
19/07/2020 22:00;0,0367
19/07/2020 22:15;0,0367
19/07/2020 22:30;0,0367
19/07/2020 22:45;0,0367
19/07/2020 23:00;0,032
19/07/2020 23:15;0,032
19/07/2020 23:30;0,032
19/07/2020 23:45;0,032
20/07/2020 00:00;0,0276
20/07/2020 00:15;0,0276
20/07/2020 00:30;0,0276
20/07/2020 00:45;0,0276
20/07/2020 01:00;0,0264
20/07/2020 01:15;0,0264
20/07/2020 01:30;0,0264
20/07/2020 01:45;0,0264
20/07/2020 02:00;0,0262
20/07/2020 02:15;0,0262
20/07/2020 02:30;0,0262
20/07/2020 02:45;0,0262
20/07/2020 03:00;0,026
20/07/2020 03:15;0,026
20/07/2020 03:30;0,026
20/07/2020 03:45;0,026
20/07/2020 04:00;0,0271
20/07/2020 04:15;0,0271
20/07/2020 04:30;0,0271
20/07/2020 04:45;0,0271
20/07/2020 05:00;0,0352
20/07/2020 05:15;0,0352
20/07/2020 05:30;0,0352
20/07/2020 05:45;0,0352
20/07/2020 06:00;0,0383
20/07/2020 06:15;0,0383
20/07/2020 06:30;0,0383
20/07/2020 06:45;0,0383
20/07/2020 07:00;0,039
20/07/2020 07:15;0,039
20/07/2020 07:30;0,039
20/07/2020 07:45;0,039
20/07/2020 08:00;0,0383
20/07/2020 08:15;0,0383
20/07/2020 08:30;0,0383
20/07/2020 08:45;0,0383
20/07/2020 09:00;0,0365
20/07/2020 09:15;0,0365
20/07/2020 09:30;0,0365
20/07/2020 09:45;0,0365
20/07/2020 10:00;0,0367
20/07/2020 10:15;0,0367
20/07/2020 10:30;0,0367
20/07/2020 10:45;0,0367
20/07/2020 11:00;0,0383
20/07/2020 11:15;0,0383
20/07/2020 11:30;0,0383
20/07/2020 11:45;0,0383
20/07/2020 12:00;0,0386
20/07/2020 12:15;0,0386
20/07/2020 12:30;0,0386
20/07/2020 12:45;0,0386
20/07/2020 13:00;0,0383
20/07/2020 13:15;0,0383
20/07/2020 13:30;0,0383
20/07/2020 13:45;0,0383
20/07/2020 14:00;0,0377
20/07/2020 14:15;0,0377
20/07/2020 14:30;0,0377
20/07/2020 14:45;0,0377
20/07/2020 15:00;0,0364
20/07/2020 15:15;0,0364
20/07/2020 15:30;0,0364
20/07/2020 15:45;0,0364
20/07/2020 16:00;0,0361
20/07/2020 16:15;0,0361
20/07/2020 16:30;0,0361
20/07/2020 16:45;0,0361
20/07/2020 17:00;0,0391
20/07/2020 17:15;0,0391
20/07/2020 17:30;0,0391
20/07/2020 17:45;0,0391
20/07/2020 18:00;0,0397
20/07/2020 18:15;0,0397
20/07/2020 18:30;0,0397
20/07/2020 18:45;0,0397
20/07/2020 19:00;0,0407
20/07/2020 19:15;0,0407
20/07/2020 19:30;0,0407
20/07/2020 19:45;0,0407
20/07/2020 20:00;0,041
20/07/2020 20:15;0,041
20/07/2020 20:30;0,041
20/07/2020 20:45;0,041
20/07/2020 21:00;0,0408
20/07/2020 21:15;0,0408
20/07/2020 21:30;0,0408
20/07/2020 21:45;0,0408
20/07/2020 22:00;0,0375
20/07/2020 22:15;0,0375
20/07/2020 22:30;0,0375
20/07/2020 22:45;0,0375
20/07/2020 23:00;0,0314
20/07/2020 23:15;0,0314
20/07/2020 23:30;0,0314
20/07/2020 23:45;0,0314
21/07/2020 00:00;0,0277
21/07/2020 00:15;0,0277
21/07/2020 00:30;0,0277
21/07/2020 00:45;0,0277
21/07/2020 01:00;0,0267
21/07/2020 01:15;0,0267
21/07/2020 01:30;0,0267
21/07/2020 01:45;0,0267
21/07/2020 02:00;0,0265
21/07/2020 02:15;0,0265
21/07/2020 02:30;0,0265
21/07/2020 02:45;0,0265
21/07/2020 03:00;0,0265
21/07/2020 03:15;0,0265
21/07/2020 03:30;0,0265
21/07/2020 03:45;0,0265
21/07/2020 04:00;0,0276
21/07/2020 04:15;0,0276
21/07/2020 04:30;0,0276
21/07/2020 04:45;0,0276
21/07/2020 05:00;0,0338
21/07/2020 05:15;0,0338
21/07/2020 05:30;0,0338
21/07/2020 05:45;0,0338
21/07/2020 06:00;0,0382
21/07/2020 06:15;0,0382
21/07/2020 06:30;0,0382
21/07/2020 06:45;0,0382
21/07/2020 07:00;0,0387
21/07/2020 07:15;0,0387
21/07/2020 07:30;0,0387
21/07/2020 07:45;0,0387
21/07/2020 08:00;0,0384
21/07/2020 08:15;0,0384
21/07/2020 08:30;0,0384
21/07/2020 08:45;0,0384
21/07/2020 09:00;0,0382
21/07/2020 09:15;0,0382
21/07/2020 09:30;0,0382
21/07/2020 09:45;0,0382
21/07/2020 10:00;0,038
21/07/2020 10:15;0,038
21/07/2020 10:30;0,038
21/07/2020 10:45;0,038
21/07/2020 11:00;0,0384
21/07/2020 11:15;0,0384
21/07/2020 11:30;0,0384
21/07/2020 11:45;0,0384
21/07/2020 12:00;0,0385
21/07/2020 12:15;0,0385
21/07/2020 12:30;0,0385
21/07/2020 12:45;0,0385
21/07/2020 13:00;0,0387
21/07/2020 13:15;0,0387
21/07/2020 13:30;0,0387
21/07/2020 13:45;0,0387
21/07/2020 14:00;0,038
21/07/2020 14:15;0,038
21/07/2020 14:30;0,038
21/07/2020 14:45;0,038
21/07/2020 15:00;0,0384
21/07/2020 15:15;0,0384
21/07/2020 15:30;0,0384
21/07/2020 15:45;0,0384
21/07/2020 16:00;0,0386
21/07/2020 16:15;0,0386
21/07/2020 16:30;0,0386
21/07/2020 16:45;0,0386
21/07/2020 17:00;0,0405
21/07/2020 17:15;0,0405
21/07/2020 17:30;0,0405
21/07/2020 17:45;0,0405
21/07/2020 18:00;0,0429
21/07/2020 18:15;0,0429
21/07/2020 18:30;0,0429
21/07/2020 18:45;0,0429
21/07/2020 19:00;0,0418
21/07/2020 19:15;0,0418
21/07/2020 19:30;0,0418
21/07/2020 19:45;0,0418
21/07/2020 20:00;0,0405
21/07/2020 20:15;0,0405
21/07/2020 20:30;0,0405
21/07/2020 20:45;0,0405
21/07/2020 21:00;0,0397
21/07/2020 21:15;0,0397
21/07/2020 21:30;0,0397
21/07/2020 21:45;0,0397
21/07/2020 22:00;0,038
21/07/2020 22:15;0,038
21/07/2020 22:30;0,038
21/07/2020 22:45;0,038
21/07/2020 23:00;0,0407
21/07/2020 23:15;0,0407
21/07/2020 23:30;0,0407
21/07/2020 23:45;0,0407
22/07/2020 00:00;0,0403
22/07/2020 00:15;0,0403
22/07/2020 00:30;0,0403
22/07/2020 00:45;0,0403
22/07/2020 01:00;0,0384
22/07/2020 01:15;0,0384
22/07/2020 01:30;0,0384
22/07/2020 01:45;0,0384
22/07/2020 02:00;0,0384
22/07/2020 02:15;0,0384
22/07/2020 02:30;0,0384
22/07/2020 02:45;0,0384
22/07/2020 03:00;0,0386
22/07/2020 03:15;0,0386
22/07/2020 03:30;0,0386
22/07/2020 03:45;0,0386
22/07/2020 04:00;0,0403
22/07/2020 04:15;0,0403
22/07/2020 04:30;0,0403
22/07/2020 04:45;0,0403
22/07/2020 05:00;0,04
22/07/2020 05:15;0,04
22/07/2020 05:30;0,04
22/07/2020 05:45;0,04
22/07/2020 06:00;0,0407
22/07/2020 06:15;0,0407
22/07/2020 06:30;0,0407
22/07/2020 06:45;0,0407
22/07/2020 07:00;0,0418
22/07/2020 07:15;0,0418
22/07/2020 07:30;0,0418
22/07/2020 07:45;0,0418
22/07/2020 08:00;0,042
22/07/2020 08:15;0,042
22/07/2020 08:30;0,042
22/07/2020 08:45;0,042
22/07/2020 09:00;0,0417
22/07/2020 09:15;0,0417
22/07/2020 09:30;0,0417
22/07/2020 09:45;0,0417
22/07/2020 10:00;0,0414
22/07/2020 10:15;0,0414
22/07/2020 10:30;0,0414
22/07/2020 10:45;0,0414
22/07/2020 11:00;0,0416
22/07/2020 11:15;0,0416
22/07/2020 11:30;0,0416
22/07/2020 11:45;0,0416
22/07/2020 12:00;0,0412
22/07/2020 12:15;0,0412
22/07/2020 12:30;0,0412
22/07/2020 12:45;0,0412
22/07/2020 13:00;0,0406
22/07/2020 13:15;0,0406
22/07/2020 13:30;0,0406
22/07/2020 13:45;0,0406
22/07/2020 14:00;0,0396
22/07/2020 14:15;0,0396
22/07/2020 14:30;0,0396
22/07/2020 14:45;0,0396
22/07/2020 15:00;0,0403
22/07/2020 15:15;0,0403
22/07/2020 15:30;0,0403
22/07/2020 15:45;0,0403
22/07/2020 16:00;0,0396
22/07/2020 16:15;0,0396
22/07/2020 16:30;0,0396
22/07/2020 16:45;0,0396
22/07/2020 17:00;0,0422
22/07/2020 17:15;0,0422
22/07/2020 17:30;0,0422
22/07/2020 17:45;0,0422
22/07/2020 18:00;0,0438
22/07/2020 18:15;0,0438
22/07/2020 18:30;0,0438
22/07/2020 18:45;0,0438
22/07/2020 19:00;0,0439
22/07/2020 19:15;0,0439
22/07/2020 19:30;0,0439
22/07/2020 19:45;0,0439
22/07/2020 20:00;0,042
22/07/2020 20:15;0,042
22/07/2020 20:30;0,042
22/07/2020 20:45;0,042
22/07/2020 21:00;0,0414
22/07/2020 21:15;0,0414
22/07/2020 21:30;0,0414
22/07/2020 21:45;0,0414
22/07/2020 22:00;0,0396
22/07/2020 22:15;0,0396
22/07/2020 22:30;0,0396
22/07/2020 22:45;0,0396
22/07/2020 23:00;0,0418
22/07/2020 23:15;0,0418
22/07/2020 23:30;0,0418
22/07/2020 23:45;0,0418
23/07/2020 00:00;0,0412
23/07/2020 00:15;0,0412
23/07/2020 00:30;0,0412
23/07/2020 00:45;0,0412
23/07/2020 01:00;0,0401
23/07/2020 01:15;0,0401
23/07/2020 01:30;0,0401
23/07/2020 01:45;0,0401
23/07/2020 02:00;0,0399
23/07/2020 02:15;0,0399
23/07/2020 02:30;0,0399
23/07/2020 02:45;0,0399
23/07/2020 03:00;0,0399
23/07/2020 03:15;0,0399
23/07/2020 03:30;0,0399
23/07/2020 03:45;0,0399
23/07/2020 04:00;0,0403
23/07/2020 04:15;0,0403
23/07/2020 04:30;0,0403
23/07/2020 04:45;0,0403
23/07/2020 05:00;0,0405
23/07/2020 05:15;0,0405
23/07/2020 05:30;0,0405
23/07/2020 05:45;0,0405
23/07/2020 06:00;0,0417
23/07/2020 06:15;0,0417
23/07/2020 06:30;0,0417
23/07/2020 06:45;0,0417
23/07/2020 07:00;0,0432
23/07/2020 07:15;0,0432
23/07/2020 07:30;0,0432
23/07/2020 07:45;0,0432
23/07/2020 08:00;0,0429
23/07/2020 08:15;0,0429
23/07/2020 08:30;0,0429
23/07/2020 08:45;0,0429
23/07/2020 09:00;0,0431
23/07/2020 09:15;0,0431
23/07/2020 09:30;0,0431
23/07/2020 09:45;0,0431
23/07/2020 10:00;0,0434
23/07/2020 10:15;0,0434
23/07/2020 10:30;0,0434
23/07/2020 10:45;0,0434
23/07/2020 11:00;0,044
23/07/2020 11:15;0,044
23/07/2020 11:30;0,044
23/07/2020 11:45;0,044
23/07/2020 12:00;0,0434
23/07/2020 12:15;0,0434
23/07/2020 12:30;0,0434
23/07/2020 12:45;0,0434
23/07/2020 13:00;0,044
23/07/2020 13:15;0,044
23/07/2020 13:30;0,044
23/07/2020 13:45;0,044
23/07/2020 14:00;0,0424
23/07/2020 14:15;0,0424
23/07/2020 14:30;0,0424
23/07/2020 14:45;0,0424
23/07/2020 15:00;0,0429
23/07/2020 15:15;0,0429
23/07/2020 15:30;0,0429
23/07/2020 15:45;0,0429
23/07/2020 16:00;0,042
23/07/2020 16:15;0,042
23/07/2020 16:30;0,042
23/07/2020 16:45;0,042
23/07/2020 17:00;0,0429
23/07/2020 17:15;0,0429
23/07/2020 17:30;0,0429
23/07/2020 17:45;0,0429
23/07/2020 18:00;0,0435
23/07/2020 18:15;0,0435
23/07/2020 18:30;0,0435
23/07/2020 18:45;0,0435
23/07/2020 19:00;0,0436
23/07/2020 19:15;0,0436
23/07/2020 19:30;0,0436
23/07/2020 19:45;0,0436
23/07/2020 20:00;0,0421
23/07/2020 20:15;0,0421
23/07/2020 20:30;0,0421
23/07/2020 20:45;0,0421
23/07/2020 21:00;0,0417
23/07/2020 21:15;0,0417
23/07/2020 21:30;0,0417
23/07/2020 21:45;0,0417
23/07/2020 22:00;0,0386
23/07/2020 22:15;0,0386
23/07/2020 22:30;0,0386
23/07/2020 22:45;0,0386
23/07/2020 23:00;0,0358
23/07/2020 23:15;0,0358
23/07/2020 23:30;0,0358
23/07/2020 23:45;0,0358
24/07/2020 00:00;0,0301
24/07/2020 00:15;0,0301
24/07/2020 00:30;0,0301
24/07/2020 00:45;0,0301
24/07/2020 01:00;0,0286
24/07/2020 01:15;0,0286
24/07/2020 01:30;0,0286
24/07/2020 01:45;0,0286
24/07/2020 02:00;0,0283
24/07/2020 02:15;0,0283
24/07/2020 02:30;0,0283
24/07/2020 02:45;0,0283
24/07/2020 03:00;0,0283
24/07/2020 03:15;0,0283
24/07/2020 03:30;0,0283
24/07/2020 03:45;0,0283
24/07/2020 04:00;0,0286
24/07/2020 04:15;0,0286
24/07/2020 04:30;0,0286
24/07/2020 04:45;0,0286
24/07/2020 05:00;0,0301
24/07/2020 05:15;0,0301
24/07/2020 05:30;0,0301
24/07/2020 05:45;0,0301
24/07/2020 06:00;0,0361
24/07/2020 06:15;0,0361
24/07/2020 06:30;0,0361
24/07/2020 06:45;0,0361
24/07/2020 07:00;0,04
24/07/2020 07:15;0,04
24/07/2020 07:30;0,04
24/07/2020 07:45;0,04
24/07/2020 08:00;0,0408
24/07/2020 08:15;0,0408
24/07/2020 08:30;0,0408
24/07/2020 08:45;0,0408
24/07/2020 09:00;0,0403
24/07/2020 09:15;0,0403
24/07/2020 09:30;0,0403
24/07/2020 09:45;0,0403
24/07/2020 10:00;0,0404
24/07/2020 10:15;0,0404
24/07/2020 10:30;0,0404
24/07/2020 10:45;0,0404
24/07/2020 11:00;0,041
24/07/2020 11:15;0,041
24/07/2020 11:30;0,041
24/07/2020 11:45;0,041
24/07/2020 12:00;0,0416
24/07/2020 12:15;0,0416
24/07/2020 12:30;0,0416
24/07/2020 12:45;0,0416
24/07/2020 13:00;0,0413
24/07/2020 13:15;0,0413
24/07/2020 13:30;0,0413
24/07/2020 13:45;0,0413
24/07/2020 14:00;0,04
24/07/2020 14:15;0,04
24/07/2020 14:30;0,04
24/07/2020 14:45;0,04
24/07/2020 15:00;0,0401
24/07/2020 15:15;0,0401
24/07/2020 15:30;0,0401
24/07/2020 15:45;0,0401
24/07/2020 16:00;0,0369
24/07/2020 16:15;0,0369
24/07/2020 16:30;0,0369
24/07/2020 16:45;0,0369
24/07/2020 17:00;0,035
24/07/2020 17:15;0,035
24/07/2020 17:30;0,035
24/07/2020 17:45;0,035
24/07/2020 18:00;0,0369
24/07/2020 18:15;0,0369
24/07/2020 18:30;0,0369
24/07/2020 18:45;0,0369
24/07/2020 19:00;0,0374
24/07/2020 19:15;0,0374
24/07/2020 19:30;0,0374
24/07/2020 19:45;0,0374
24/07/2020 20:00;0,037
24/07/2020 20:15;0,037
24/07/2020 20:30;0,037
24/07/2020 20:45;0,037
24/07/2020 21:00;0,0372
24/07/2020 21:15;0,0372
24/07/2020 21:30;0,0372
24/07/2020 21:45;0,0372
24/07/2020 22:00;0,0347
24/07/2020 22:15;0,0347
24/07/2020 22:30;0,0347
24/07/2020 22:45;0,0347
24/07/2020 23:00;0,0346
24/07/2020 23:15;0,0346
24/07/2020 23:30;0,0346
24/07/2020 23:45;0,0346
25/07/2020 00:00;0,0306
25/07/2020 00:15;0,0306
25/07/2020 00:30;0,0306
25/07/2020 00:45;0,0306
25/07/2020 01:00;0,0286
25/07/2020 01:15;0,0286
25/07/2020 01:30;0,0286
25/07/2020 01:45;0,0286
25/07/2020 02:00;0,0327
25/07/2020 02:15;0,0327
25/07/2020 02:30;0,0327
25/07/2020 02:45;0,0327
25/07/2020 03:00;0,0341
25/07/2020 03:15;0,0341
25/07/2020 03:30;0,0341
25/07/2020 03:45;0,0341
25/07/2020 04:00;0,0365
25/07/2020 04:15;0,0365
25/07/2020 04:30;0,0365
25/07/2020 04:45;0,0365
25/07/2020 05:00;0,034
25/07/2020 05:15;0,034
25/07/2020 05:30;0,034
25/07/2020 05:45;0,034
25/07/2020 06:00;0,0345
25/07/2020 06:15;0,0345
25/07/2020 06:30;0,0345
25/07/2020 06:45;0,0345
25/07/2020 07:00;0,0377
25/07/2020 07:15;0,0377
25/07/2020 07:30;0,0377
25/07/2020 07:45;0,0377
25/07/2020 08:00;0,0386
25/07/2020 08:15;0,0386
25/07/2020 08:30;0,0386
25/07/2020 08:45;0,0386
25/07/2020 09:00;0,0366
25/07/2020 09:15;0,0366
25/07/2020 09:30;0,0366
25/07/2020 09:45;0,0366
25/07/2020 10:00;0,0362
25/07/2020 10:15;0,0362
25/07/2020 10:30;0,0362
25/07/2020 10:45;0,0362
25/07/2020 11:00;0,0361
25/07/2020 11:15;0,0361
25/07/2020 11:30;0,0361
25/07/2020 11:45;0,0361
25/07/2020 12:00;0,0375
25/07/2020 12:15;0,0375
25/07/2020 12:30;0,0375
25/07/2020 12:45;0,0375
25/07/2020 13:00;0,035
25/07/2020 13:15;0,035
25/07/2020 13:30;0,035
25/07/2020 13:45;0,035
25/07/2020 14:00;0,03
25/07/2020 14:15;0,03
25/07/2020 14:30;0,03
25/07/2020 14:45;0,03
25/07/2020 15:00;0,0284
25/07/2020 15:15;0,0284
25/07/2020 15:30;0,0284
25/07/2020 15:45;0,0284
25/07/2020 16:00;0,0283
25/07/2020 16:15;0,0283
25/07/2020 16:30;0,0283
25/07/2020 16:45;0,0283
25/07/2020 17:00;0,0289
25/07/2020 17:15;0,0289
25/07/2020 17:30;0,0289
25/07/2020 17:45;0,0289
25/07/2020 18:00;0,0316
25/07/2020 18:15;0,0316
25/07/2020 18:30;0,0316
25/07/2020 18:45;0,0316
25/07/2020 19:00;0,0322
25/07/2020 19:15;0,0322
25/07/2020 19:30;0,0322
25/07/2020 19:45;0,0322
25/07/2020 20:00;0,0335
25/07/2020 20:15;0,0335
25/07/2020 20:30;0,0335
25/07/2020 20:45;0,0335
25/07/2020 21:00;0,0336
25/07/2020 21:15;0,0336
25/07/2020 21:30;0,0336
25/07/2020 21:45;0,0336
25/07/2020 22:00;0,03
25/07/2020 22:15;0,03
25/07/2020 22:30;0,03
25/07/2020 22:45;0,03
25/07/2020 23:00;0,0344
25/07/2020 23:15;0,0344
25/07/2020 23:30;0,0344
25/07/2020 23:45;0,0344
26/07/2020 00:00;0,0309
26/07/2020 00:15;0,0309
26/07/2020 00:30;0,0309
26/07/2020 00:45;0,0309
26/07/2020 01:00;0,0274
26/07/2020 01:15;0,0274
26/07/2020 01:30;0,0274
26/07/2020 01:45;0,0274
26/07/2020 02:00;0,0274
26/07/2020 02:15;0,0274
26/07/2020 02:30;0,0274
26/07/2020 02:45;0,0274
26/07/2020 03:00;0,0273
26/07/2020 03:15;0,0273
26/07/2020 03:30;0,0273
26/07/2020 03:45;0,0273
26/07/2020 04:00;0,0274
26/07/2020 04:15;0,0274
26/07/2020 04:30;0,0274
26/07/2020 04:45;0,0274
26/07/2020 05:00;0,0272
26/07/2020 05:15;0,0272
26/07/2020 05:30;0,0272
26/07/2020 05:45;0,0272
26/07/2020 06:00;0,0271
26/07/2020 06:15;0,0271
26/07/2020 06:30;0,0271
26/07/2020 06:45;0,0271
26/07/2020 07:00;0,0271
26/07/2020 07:15;0,0271
26/07/2020 07:30;0,0271
26/07/2020 07:45;0,0271
26/07/2020 08:00;0,0272
26/07/2020 08:15;0,0272
26/07/2020 08:30;0,0272
26/07/2020 08:45;0,0272
26/07/2020 09:00;0,0273
26/07/2020 09:15;0,0273
26/07/2020 09:30;0,0273
26/07/2020 09:45;0,0273
26/07/2020 10:00;0,0274
26/07/2020 10:15;0,0274
26/07/2020 10:30;0,0274
26/07/2020 10:45;0,0274
26/07/2020 11:00;0,0274
26/07/2020 11:15;0,0274
26/07/2020 11:30;0,0274
26/07/2020 11:45;0,0274
26/07/2020 12:00;0,028
26/07/2020 12:15;0,028
26/07/2020 12:30;0,028
26/07/2020 12:45;0,028
26/07/2020 13:00;0,0289
26/07/2020 13:15;0,0289
26/07/2020 13:30;0,0289
26/07/2020 13:45;0,0289
26/07/2020 14:00;0,0273
26/07/2020 14:15;0,0273
26/07/2020 14:30;0,0273
26/07/2020 14:45;0,0273
26/07/2020 15:00;0,0273
26/07/2020 15:15;0,0273
26/07/2020 15:30;0,0273
26/07/2020 15:45;0,0273
26/07/2020 16:00;0,0273
26/07/2020 16:15;0,0273
26/07/2020 16:30;0,0273
26/07/2020 16:45;0,0273
26/07/2020 17:00;0,0273
26/07/2020 17:15;0,0273
26/07/2020 17:30;0,0273
26/07/2020 17:45;0,0273
26/07/2020 18:00;0,0296
26/07/2020 18:15;0,0296
26/07/2020 18:30;0,0296
26/07/2020 18:45;0,0296
26/07/2020 19:00;0,0329
26/07/2020 19:15;0,0329
26/07/2020 19:30;0,0329
26/07/2020 19:45;0,0329
26/07/2020 20:00;0,039
26/07/2020 20:15;0,039
26/07/2020 20:30;0,039
26/07/2020 20:45;0,039
26/07/2020 21:00;0,041
26/07/2020 21:15;0,041
26/07/2020 21:30;0,041
26/07/2020 21:45;0,041
26/07/2020 22:00;0,0406
26/07/2020 22:15;0,0406
26/07/2020 22:30;0,0406
26/07/2020 22:45;0,0406
26/07/2020 23:00;0,0399
26/07/2020 23:15;0,0399
26/07/2020 23:30;0,0399
26/07/2020 23:45;0,0399
27/07/2020 00:00;0,0394
27/07/2020 00:15;0,0394
27/07/2020 00:30;0,0394
27/07/2020 00:45;0,0394
27/07/2020 01:00;0,037
27/07/2020 01:15;0,037
27/07/2020 01:30;0,037
27/07/2020 01:45;0,037
27/07/2020 02:00;0,0341
27/07/2020 02:15;0,0341
27/07/2020 02:30;0,0341
27/07/2020 02:45;0,0341
27/07/2020 03:00;0,034
27/07/2020 03:15;0,034
27/07/2020 03:30;0,034
27/07/2020 03:45;0,034
27/07/2020 04:00;0,034
27/07/2020 04:15;0,034
27/07/2020 04:30;0,034
27/07/2020 04:45;0,034
27/07/2020 05:00;0,0367
27/07/2020 05:15;0,0367
27/07/2020 05:30;0,0367
27/07/2020 05:45;0,0367
27/07/2020 06:00;0,0388
27/07/2020 06:15;0,0388
27/07/2020 06:30;0,0388
27/07/2020 06:45;0,0388
27/07/2020 07:00;0,0395
27/07/2020 07:15;0,0395
27/07/2020 07:30;0,0395
27/07/2020 07:45;0,0395
27/07/2020 08:00;0,04
27/07/2020 08:15;0,04
27/07/2020 08:30;0,04
27/07/2020 08:45;0,04
27/07/2020 09:00;0,0398
27/07/2020 09:15;0,0398
27/07/2020 09:30;0,0398
27/07/2020 09:45;0,0398
27/07/2020 10:00;0,0406
27/07/2020 10:15;0,0406
27/07/2020 10:30;0,0406
27/07/2020 10:45;0,0406
27/07/2020 11:00;0,0404
27/07/2020 11:15;0,0404
27/07/2020 11:30;0,0404
27/07/2020 11:45;0,0404
27/07/2020 12:00;0,04
27/07/2020 12:15;0,04
27/07/2020 12:30;0,04
27/07/2020 12:45;0,04
27/07/2020 13:00;0,0399
27/07/2020 13:15;0,0399
27/07/2020 13:30;0,0399
27/07/2020 13:45;0,0399
27/07/2020 14:00;0,0385
27/07/2020 14:15;0,0385
27/07/2020 14:30;0,0385
27/07/2020 14:45;0,0385
27/07/2020 15:00;0,0366
27/07/2020 15:15;0,0366
27/07/2020 15:30;0,0366
27/07/2020 15:45;0,0366
27/07/2020 16:00;0,0379
27/07/2020 16:15;0,0379
27/07/2020 16:30;0,0379
27/07/2020 16:45;0,0379
27/07/2020 17:00;0,0385
27/07/2020 17:15;0,0385
27/07/2020 17:30;0,0385
27/07/2020 17:45;0,0385
27/07/2020 18:00;0,0394
27/07/2020 18:15;0,0394
27/07/2020 18:30;0,0394
27/07/2020 18:45;0,0394
27/07/2020 19:00;0,038
27/07/2020 19:15;0,038
27/07/2020 19:30;0,038
27/07/2020 19:45;0,038
27/07/2020 20:00;0,0395
27/07/2020 20:15;0,0395
27/07/2020 20:30;0,0395
27/07/2020 20:45;0,0395
27/07/2020 21:00;0,0395
27/07/2020 21:15;0,0395
27/07/2020 21:30;0,0395
27/07/2020 21:45;0,0395
27/07/2020 22:00;0,037
27/07/2020 22:15;0,037
27/07/2020 22:30;0,037
27/07/2020 22:45;0,037
27/07/2020 23:00;0,0354
27/07/2020 23:15;0,0354
27/07/2020 23:30;0,0354
27/07/2020 23:45;0,0354
28/07/2020 00:00;0,0303
28/07/2020 00:15;0,0303
28/07/2020 00:30;0,0303
28/07/2020 00:45;0,0303
28/07/2020 01:00;0,0298
28/07/2020 01:15;0,0298
28/07/2020 01:30;0,0298
28/07/2020 01:45;0,0298
28/07/2020 02:00;0,0297
28/07/2020 02:15;0,0297
28/07/2020 02:30;0,0297
28/07/2020 02:45;0,0297
28/07/2020 03:00;0,0298
28/07/2020 03:15;0,0298
28/07/2020 03:30;0,0298
28/07/2020 03:45;0,0298
28/07/2020 04:00;0,0301
28/07/2020 04:15;0,0301
28/07/2020 04:30;0,0301
28/07/2020 04:45;0,0301
28/07/2020 05:00;0,0302
28/07/2020 05:15;0,0302
28/07/2020 05:30;0,0302
28/07/2020 05:45;0,0302
28/07/2020 06:00;0,0354
28/07/2020 06:15;0,0354
28/07/2020 06:30;0,0354
28/07/2020 06:45;0,0354
28/07/2020 07:00;0,04
28/07/2020 07:15;0,04
28/07/2020 07:30;0,04
28/07/2020 07:45;0,04
28/07/2020 08:00;0,0404
28/07/2020 08:15;0,0404
28/07/2020 08:30;0,0404
28/07/2020 08:45;0,0404
28/07/2020 09:00;0,04
28/07/2020 09:15;0,04
28/07/2020 09:30;0,04
28/07/2020 09:45;0,04
28/07/2020 10:00;0,0407
28/07/2020 10:15;0,0407
28/07/2020 10:30;0,0407
28/07/2020 10:45;0,0407
28/07/2020 11:00;0,0407
28/07/2020 11:15;0,0407
28/07/2020 11:30;0,0407
28/07/2020 11:45;0,0407
28/07/2020 12:00;0,04
28/07/2020 12:15;0,04
28/07/2020 12:30;0,04
28/07/2020 12:45;0,04
28/07/2020 13:00;0,0392
28/07/2020 13:15;0,0392
28/07/2020 13:30;0,0392
28/07/2020 13:45;0,0392
28/07/2020 14:00;0,0354
28/07/2020 14:15;0,0354
28/07/2020 14:30;0,0354
28/07/2020 14:45;0,0354
28/07/2020 15:00;0,0331
28/07/2020 15:15;0,0331
28/07/2020 15:30;0,0331
28/07/2020 15:45;0,0331
28/07/2020 16:00;0,0345
28/07/2020 16:15;0,0345
28/07/2020 16:30;0,0345
28/07/2020 16:45;0,0345
28/07/2020 17:00;0,0374
28/07/2020 17:15;0,0374
28/07/2020 17:30;0,0374
28/07/2020 17:45;0,0374
28/07/2020 18:00;0,0385
28/07/2020 18:15;0,0385
28/07/2020 18:30;0,0385
28/07/2020 18:45;0,0385
28/07/2020 19:00;0,0371
28/07/2020 19:15;0,0371
28/07/2020 19:30;0,0371
28/07/2020 19:45;0,0371
28/07/2020 20:00;0,0369
28/07/2020 20:15;0,0369
28/07/2020 20:30;0,0369
28/07/2020 20:45;0,0369
28/07/2020 21:00;0,0395
28/07/2020 21:15;0,0395
28/07/2020 21:30;0,0395
28/07/2020 21:45;0,0395
28/07/2020 22:00;0,0371
28/07/2020 22:15;0,0371
28/07/2020 22:30;0,0371
28/07/2020 22:45;0,0371
28/07/2020 23:00;0,034
28/07/2020 23:15;0,034
28/07/2020 23:30;0,034
28/07/2020 23:45;0,034
29/07/2020 00:00;0,029
29/07/2020 00:15;0,029
29/07/2020 00:30;0,029
29/07/2020 00:45;0,029
29/07/2020 01:00;0,0288
29/07/2020 01:15;0,0288
29/07/2020 01:30;0,0288
29/07/2020 01:45;0,0288
29/07/2020 02:00;0,0285
29/07/2020 02:15;0,0285
29/07/2020 02:30;0,0285
29/07/2020 02:45;0,0285
29/07/2020 03:00;0,0284
29/07/2020 03:15;0,0284
29/07/2020 03:30;0,0284
29/07/2020 03:45;0,0284
29/07/2020 04:00;0,0288
29/07/2020 04:15;0,0288
29/07/2020 04:30;0,0288
29/07/2020 04:45;0,0288
29/07/2020 05:00;0,0314
29/07/2020 05:15;0,0314
29/07/2020 05:30;0,0314
29/07/2020 05:45;0,0314
29/07/2020 06:00;0,0385
29/07/2020 06:15;0,0385
29/07/2020 06:30;0,0385
29/07/2020 06:45;0,0385
29/07/2020 07:00;0,04
29/07/2020 07:15;0,04
29/07/2020 07:30;0,04
29/07/2020 07:45;0,04
29/07/2020 08:00;0,0405
29/07/2020 08:15;0,0405
29/07/2020 08:30;0,0405
29/07/2020 08:45;0,0405
29/07/2020 09:00;0,0403
29/07/2020 09:15;0,0403
29/07/2020 09:30;0,0403
29/07/2020 09:45;0,0403
29/07/2020 10:00;0,0408
29/07/2020 10:15;0,0408
29/07/2020 10:30;0,0408
29/07/2020 10:45;0,0408
29/07/2020 11:00;0,0409
29/07/2020 11:15;0,0409
29/07/2020 11:30;0,0409
29/07/2020 11:45;0,0409
29/07/2020 12:00;0,0412
29/07/2020 12:15;0,0412
29/07/2020 12:30;0,0412
29/07/2020 12:45;0,0412
29/07/2020 13:00;0,0405
29/07/2020 13:15;0,0405
29/07/2020 13:30;0,0405
29/07/2020 13:45;0,0405
29/07/2020 14:00;0,0399
29/07/2020 14:15;0,0399
29/07/2020 14:30;0,0399
29/07/2020 14:45;0,0399
29/07/2020 15:00;0,04
29/07/2020 15:15;0,04
29/07/2020 15:30;0,04
29/07/2020 15:45;0,04
29/07/2020 16:00;0,0406
29/07/2020 16:15;0,0406
29/07/2020 16:30;0,0406
29/07/2020 16:45;0,0406
29/07/2020 17:00;0,0414
29/07/2020 17:15;0,0414
29/07/2020 17:30;0,0414
29/07/2020 17:45;0,0414
29/07/2020 18:00;0,0427
29/07/2020 18:15;0,0427
29/07/2020 18:30;0,0427
29/07/2020 18:45;0,0427
29/07/2020 19:00;0,0427
29/07/2020 19:15;0,0427
29/07/2020 19:30;0,0427
29/07/2020 19:45;0,0427
29/07/2020 20:00;0,0424
29/07/2020 20:15;0,0424
29/07/2020 20:30;0,0424
29/07/2020 20:45;0,0424
29/07/2020 21:00;0,0438
29/07/2020 21:15;0,0438
29/07/2020 21:30;0,0438
29/07/2020 21:45;0,0438
29/07/2020 22:00;0,041
29/07/2020 22:15;0,041
29/07/2020 22:30;0,041
29/07/2020 22:45;0,041
29/07/2020 23:00;0,0401
29/07/2020 23:15;0,0401
29/07/2020 23:30;0,0401
29/07/2020 23:45;0,0401
30/07/2020 00:00;0,0386
30/07/2020 00:15;0,0386
30/07/2020 00:30;0,0386
30/07/2020 00:45;0,0386
30/07/2020 01:00;0,0341
30/07/2020 01:15;0,0341
30/07/2020 01:30;0,0341
30/07/2020 01:45;0,0341
30/07/2020 02:00;0,034
30/07/2020 02:15;0,034
30/07/2020 02:30;0,034
30/07/2020 02:45;0,034
30/07/2020 03:00;0,034
30/07/2020 03:15;0,034
30/07/2020 03:30;0,034
30/07/2020 03:45;0,034
30/07/2020 04:00;0,035
30/07/2020 04:15;0,035
30/07/2020 04:30;0,035
30/07/2020 04:45;0,035
30/07/2020 05:00;0,0357
30/07/2020 05:15;0,0357
30/07/2020 05:30;0,0357
30/07/2020 05:45;0,0357
30/07/2020 06:00;0,0409
30/07/2020 06:15;0,0409
30/07/2020 06:30;0,0409
30/07/2020 06:45;0,0409
30/07/2020 07:00;0,0416
30/07/2020 07:15;0,0416
30/07/2020 07:30;0,0416
30/07/2020 07:45;0,0416
30/07/2020 08:00;0,042
30/07/2020 08:15;0,042
30/07/2020 08:30;0,042
30/07/2020 08:45;0,042
30/07/2020 09:00;0,0409
30/07/2020 09:15;0,0409
30/07/2020 09:30;0,0409
30/07/2020 09:45;0,0409
30/07/2020 10:00;0,0415
30/07/2020 10:15;0,0415
30/07/2020 10:30;0,0415
30/07/2020 10:45;0,0415
30/07/2020 11:00;0,042
30/07/2020 11:15;0,042
30/07/2020 11:30;0,042
30/07/2020 11:45;0,042
30/07/2020 12:00;0,042
30/07/2020 12:15;0,042
30/07/2020 12:30;0,042
30/07/2020 12:45;0,042
30/07/2020 13:00;0,0417
30/07/2020 13:15;0,0417
30/07/2020 13:30;0,0417
30/07/2020 13:45;0,0417
30/07/2020 14:00;0,0415
30/07/2020 14:15;0,0415
30/07/2020 14:30;0,0415
30/07/2020 14:45;0,0415
30/07/2020 15:00;0,0416
30/07/2020 15:15;0,0416
30/07/2020 15:30;0,0416
30/07/2020 15:45;0,0416
30/07/2020 16:00;0,0417
30/07/2020 16:15;0,0417
30/07/2020 16:30;0,0417
30/07/2020 16:45;0,0417
30/07/2020 17:00;0,0428
30/07/2020 17:15;0,0428
30/07/2020 17:30;0,0428
30/07/2020 17:45;0,0428
30/07/2020 18:00;0,0434
30/07/2020 18:15;0,0434
30/07/2020 18:30;0,0434
30/07/2020 18:45;0,0434
30/07/2020 19:00;0,0446
30/07/2020 19:15;0,0446
30/07/2020 19:30;0,0446
30/07/2020 19:45;0,0446
30/07/2020 20:00;0,0449
30/07/2020 20:15;0,0449
30/07/2020 20:30;0,0449
30/07/2020 20:45;0,0449
30/07/2020 21:00;0,0445
30/07/2020 21:15;0,0445
30/07/2020 21:30;0,0445
30/07/2020 21:45;0,0445
30/07/2020 22:00;0,0418
30/07/2020 22:15;0,0418
30/07/2020 22:30;0,0418
30/07/2020 22:45;0,0418
30/07/2020 23:00;0,0397
30/07/2020 23:15;0,0397
30/07/2020 23:30;0,0397
30/07/2020 23:45;0,0397
31/07/2020 00:00;0,035
31/07/2020 00:15;0,035
31/07/2020 00:30;0,035
31/07/2020 00:45;0,035
31/07/2020 01:00;0,0382
31/07/2020 01:15;0,0382
31/07/2020 01:30;0,0382
31/07/2020 01:45;0,0382
31/07/2020 02:00;0,0369
31/07/2020 02:15;0,0369
31/07/2020 02:30;0,0369
31/07/2020 02:45;0,0369
31/07/2020 03:00;0,0376
31/07/2020 03:15;0,0376
31/07/2020 03:30;0,0376
31/07/2020 03:45;0,0376
31/07/2020 04:00;0,0382
31/07/2020 04:15;0,0382
31/07/2020 04:30;0,0382
31/07/2020 04:45;0,0382
31/07/2020 05:00;0,0372
31/07/2020 05:15;0,0372
31/07/2020 05:30;0,0372
31/07/2020 05:45;0,0372
31/07/2020 06:00;0,0402
31/07/2020 06:15;0,0402
31/07/2020 06:30;0,0402
31/07/2020 06:45;0,0402
31/07/2020 07:00;0,0428
31/07/2020 07:15;0,0428
31/07/2020 07:30;0,0428
31/07/2020 07:45;0,0428
31/07/2020 08:00;0,043
31/07/2020 08:15;0,043
31/07/2020 08:30;0,043
31/07/2020 08:45;0,043
31/07/2020 09:00;0,0435
31/07/2020 09:15;0,0435
31/07/2020 09:30;0,0435
31/07/2020 09:45;0,0435
31/07/2020 10:00;0,0443
31/07/2020 10:15;0,0443
31/07/2020 10:30;0,0443
31/07/2020 10:45;0,0443
31/07/2020 11:00;0,045
31/07/2020 11:15;0,045
31/07/2020 11:30;0,045
31/07/2020 11:45;0,045
31/07/2020 12:00;0,045
31/07/2020 12:15;0,045
31/07/2020 12:30;0,045
31/07/2020 12:45;0,045
31/07/2020 13:00;0,0444
31/07/2020 13:15;0,0444
31/07/2020 13:30;0,0444
31/07/2020 13:45;0,0444
31/07/2020 14:00;0,043
31/07/2020 14:15;0,043
31/07/2020 14:30;0,043
31/07/2020 14:45;0,043
31/07/2020 15:00;0,0429
31/07/2020 15:15;0,0429
31/07/2020 15:30;0,0429
31/07/2020 15:45;0,0429
31/07/2020 16:00;0,0437
31/07/2020 16:15;0,0437
31/07/2020 16:30;0,0437
31/07/2020 16:45;0,0437
31/07/2020 17:00;0,044
31/07/2020 17:15;0,044
31/07/2020 17:30;0,044
31/07/2020 17:45;0,044
31/07/2020 18:00;0,0449
31/07/2020 18:15;0,0449
31/07/2020 18:30;0,0449
31/07/2020 18:45;0,0449
31/07/2020 19:00;0,0455
31/07/2020 19:15;0,0455
31/07/2020 19:30;0,0455
31/07/2020 19:45;0,0455
31/07/2020 20:00;0,046
31/07/2020 20:15;0,046
31/07/2020 20:30;0,046
31/07/2020 20:45;0,046
31/07/2020 21:00;0,045
31/07/2020 21:15;0,045
31/07/2020 21:30;0,045
31/07/2020 21:45;0,045
31/07/2020 22:00;0,0425
31/07/2020 22:15;0,0425
31/07/2020 22:30;0,0425
31/07/2020 22:45;0,0425
31/07/2020 23:00;0,038
31/07/2020 23:15;0,038
31/07/2020 23:30;0,038
31/07/2020 23:45;0,038
01/08/2020 00:00;0,0324
